"Sex","Unit","Age","1990","1991","1992","1993","1994","1995","1996","1997","1998","1999","2000","2001","2002","2003","2004","2005","2006","2007","2008","2009","2010","2011","2012","2013","2014","2015","2016","2017","2018","2019"
"Total","10%","Total",265,290,288,285,304,329,371,412,469,534,600,640,659,696,720,791,862,979,1049,954,924,1058,1148,1238,1294,1393,1576,1775,1915,1958
"Total","10%","16 - 24 years",170,184,164,148,147,153,177,204,236,272,321,310,275,260,262,318,359,393,367,221,200,245,280,329,326,384,468,550,540,464
"Total","10%","16 - 64 years",253,275,272,266,286,309,352,396,448,508,581,605,614,646,680,752,817,913,953,853,824,949,1028,1111,1155,1234,1401,1591,1697,1727
"Total","10%","16 - 74 years",262,286,284,280,300,325,368,412,466,530,599,635,648,685,720,790,856,962,1016,920,893,1026,1112,1201,1255,1350,1531,1730,1856,1894
"Total","10%","18 - 66 years",298,325,331,328,355,393,442,493,554,617,690,739,759,811,870,950,1023,1148,1236,1175,1139,1232,1326,1411,1507,1634,1834,1995,2140,2199
"Total","10%","25 - 54 years",361,393,409,418,455,504,560,614,693,761,832,940,998,1069,1163,1260,1392,1559,1700,1766,1694,1797,1858,1916,2040,2193,2491,2714,2910,3040
"Total","10%","25 - 64 years",368,403,420,428,459,506,560,615,690,759,826,941,989,1069,1161,1260,1392,1565,1741,1832,1749,1862,1933,2010,2132,2293,2592,2800,2934,3114
"Total","10%","25 - 74 years",369,407,421,433,456,501,548,600,671,740,805,913,959,1044,1135,1226,1353,1552,1767,1884,1805,1926,2008,2100,2224,2381,2616,2832,3013,3213
"Total","10%","55 - 74 years",378,430,438,451,462,493,525,573,627,704,761,868,897,1003,1089,1173,1297,1540,1877,2018,1901,2086,2158,2245,2367,2494,2755,3123,3283,3447
"Total","10%","67 years and older",376,413,420,437,434,457,479,498,556,623,674,751,812,897,903,966,1089,1425,1738,1886,1886,2079,2146,2232,2314,2384,2615,3227,3394,3535
"Total","10%","75 years and older",376,409,396,419,402,415,445,419,511,576,621,687,757,817,723,799,935,1280,1620,1761,1785,2064,2141,2226,2310,2380,2611,3019,3214,3342
"Total","20%","Total",456,502,507,511,533,572,617,667,728,798,879,967,1011,1079,1157,1257,1390,1593,1793,1829,1787,1956,2081,2200,2311,2391,2674,3037,3275,3430
"Total","20%","16 - 24 years",250,270,255,242,250,262,295,327,366,415,485,463,451,444,450,516,560,613,626,483,472,565,627,699,717,781,888,991,997,955
"Total","20%","16 - 64 years",444,487,491,491,519,560,612,666,729,796,883,969,1007,1069,1149,1254,1381,1546,1678,1648,1602,1751,1863,1971,2083,2241,2532,2802,2989,3179
"Total","20%","16 - 74 years",452,497,502,505,530,571,618,672,733,803,888,978,1016,1087,1171,1273,1404,1592,1762,1771,1720,1881,1999,2120,2249,2385,2644,2956,3184,3352
"Total","20%","18 - 66 years",501,547,559,560,584,631,684,733,807,887,978,1083,1124,1205,1310,1436,1580,1772,1939,1932,1880,2009,2126,2234,2347,2532,2845,3084,3307,3456
"Total","20%","25 - 54 years",600,652,672,674,698,739,796,860,968,1073,1184,1335,1415,1511,1641,1781,1985,2209,2427,2459,2363,2523,2630,2766,2937,3134,3485,3785,4005,4178
"Total","20%","25 - 64 years",596,650,670,674,694,734,789,851,952,1057,1164,1317,1390,1495,1622,1764,1965,2192,2439,2489,2379,2541,2660,2801,2968,3172,3509,3795,4003,4177
"Total","20%","25 - 74 years",577,634,652,659,678,715,764,822,910,1009,1103,1246,1313,1422,1549,1674,1860,2090,2374,2447,2330,2487,2596,2732,2911,3089,3410,3782,3988,4164
"Total","20%","55 - 74 years",536,602,613,632,636,667,704,757,819,905,988,1115,1170,1290,1402,1516,1685,1933,2297,2432,2283,2441,2555,2691,2879,3038,3315,3778,3968,4144
"Total","20%","67 years and older",496,549,556,575,574,599,628,664,718,798,860,952,1014,1091,1164,1248,1394,1670,2029,2149,2066,2199,2296,2412,2559,2676,2927,3595,3791,3947
"Total","20%","75 years and older",494,538,547,564,559,582,608,628,687,760,820,899,969,1043,1078,1162,1320,1603,1947,2047,1967,2121,2205,2322,2458,2545,2790,3459,3649,3800
"Total","30%","Total",604,663,674,678,690,727,775,833,920,1011,1111,1231,1292,1382,1495,1618,1791,2014,2296,2329,2227,2414,2515,2653,2826,3000,3314,3801,4043,4220
"Total","30%","16 - 24 years",327,355,340,324,339,360,400,443,489,545,626,609,602,606,615,690,740,813,846,713,712,832,915,1002,1033,1114,1234,1374,1412,1394
"Total","30%","16 - 64 years",613,668,679,677,694,733,787,850,948,1047,1163,1297,1355,1444,1564,1705,1897,2114,2319,2313,2218,2407,2533,2676,2838,3039,3388,3716,3971,4149
"Total","30%","16 - 74 years",611,669,681,680,696,733,785,846,939,1036,1145,1275,1333,1427,1549,1678,1864,2091,2338,2362,2256,2439,2565,2711,2884,3075,3416,3812,4060,4242
"Total","30%","18 - 66 years",657,715,728,721,742,789,851,919,1030,1135,1258,1399,1461,1559,1693,1850,2059,2292,2526,2525,2416,2579,2717,2868,3057,3290,3638,3943,4192,4384
"Total","30%","25 - 54 years",757,823,841,838,870,925,997,1086,1230,1371,1517,1700,1809,1919,2066,2258,2514,2779,3043,3044,2918,3116,3251,3429,3646,3901,4299,4614,4860,5043
"Total","30%","25 - 64 years",748,818,835,834,861,914,984,1070,1203,1340,1485,1664,1769,1883,2037,2226,2487,2756,3046,3067,2918,3118,3262,3440,3654,3912,4303,4605,4841,5029
"Total","30%","25 - 74 years",720,789,808,809,829,877,941,1016,1133,1255,1382,1552,1643,1762,1910,2080,2330,2602,2927,2961,2793,2978,3112,3284,3505,3745,4116,4475,4719,4905
"Total","30%","55 - 74 years",653,728,743,753,756,790,834,901,976,1084,1183,1319,1389,1519,1651,1785,1989,2266,2711,2813,2623,2785,2934,3097,3314,3521,3851,4299,4528,4729
"Total","30%","67 years and older",576,641,654,675,672,699,732,779,845,926,992,1088,1163,1252,1345,1437,1591,1845,2225,2325,2224,2408,2492,2598,2771,2902,3176,3900,4124,4301
"Total","30%","75 years and older",568,620,637,661,657,680,713,747,815,890,956,1037,1126,1192,1267,1364,1530,1785,2141,2225,2168,2294,2394,2521,2685,2773,3040,3748,3971,4137
"Total","40%","Total",724,793,806,808,825,869,930,1004,1114,1229,1356,1508,1585,1676,1811,1966,2200,2470,2802,2784,2642,2822,2968,3136,3352,3583,3954,4404,4685,4881
"Total","40%","16 - 24 years",416,450,433,419,434,464,510,558,613,669,758,753,756,766,777,859,921,1016,1061,935,940,1078,1175,1278,1342,1450,1593,1758,1839,1830
"Total","40%","16 - 64 years",754,822,834,828,855,903,975,1059,1189,1319,1469,1638,1728,1835,1978,2166,2421,2690,2940,2916,2784,3001,3154,3335,3535,3790,4189,4546,4830,5026
"Total","40%","16 - 74 years",745,814,826,824,846,892,959,1037,1158,1282,1417,1582,1665,1773,1919,2093,2343,2616,2909,2897,2753,2955,3106,3286,3500,3751,4138,4536,4820,5015
"Total","40%","18 - 66 years",801,872,883,876,903,959,1035,1127,1264,1407,1559,1731,1826,1939,2104,2311,2574,2859,3129,3111,2962,3158,3321,3505,3726,4006,4425,4752,5030,5224
"Total","40%","25 - 54 years",932,1013,1026,1018,1058,1123,1217,1327,1511,1693,1864,2073,2202,2323,2491,2738,3034,3337,3632,3638,3502,3722,3880,4089,4334,4637,5073,5423,5686,5880
"Total","40%","25 - 64 years",916,1000,1013,1007,1040,1105,1195,1304,1475,1654,1823,2029,2157,2283,2460,2705,3011,3322,3644,3657,3496,3722,3888,4099,4346,4660,5096,5434,5697,5896
"Total","40%","25 - 74 years",875,959,970,968,993,1050,1129,1228,1379,1545,1697,1901,2016,2147,2326,2549,2851,3164,3519,3523,3336,3543,3704,3909,4158,4457,4886,5239,5513,5708
"Total","40%","55 - 74 years",768,852,864,875,878,915,967,1042,1134,1256,1371,1532,1615,1760,1935,2113,2398,2732,3234,3286,3010,3202,3371,3575,3842,4111,4517,4917,5186,5394
"Total","40%","67 years and older",637,716,731,755,751,779,817,873,943,1027,1108,1206,1285,1382,1486,1582,1743,1990,2436,2496,2376,2513,2627,2766,2978,3129,3425,4156,4412,4597
"Total","40%","75 years and older",616,689,704,727,723,753,788,836,909,982,1056,1142,1232,1318,1411,1511,1671,1911,2322,2379,2269,2428,2508,2637,2822,2940,3216,3982,4225,4404
"Total","50%","Total",874,957,964,963,984,1037,1113,1207,1350,1507,1663,1853,1957,2064,2235,2448,2738,3057,3418,3365,3175,3381,3551,3756,4007,4297,4736,5155,5466,5677
"Total","50%","16 - 24 years",514,556,540,526,542,579,624,674,728,789,888,899,904,920,948,1037,1112,1232,1295,1172,1189,1341,1453,1571,1658,1776,1965,2183,2316,2323
"Total","50%","16 - 64 years",924,1007,1017,1008,1041,1102,1192,1301,1467,1641,1816,2020,2138,2262,2438,2684,2993,3308,3605,3580,3425,3664,3844,4057,4293,4602,5052,5443,5752,5968
"Total","50%","16 - 74 years",906,991,999,993,1020,1077,1160,1262,1418,1581,1747,1950,2060,2185,2364,2595,2903,3224,3554,3526,3350,3574,3753,3968,4212,4519,4968,5368,5683,5898
"Total","50%","18 - 66 years",971,1058,1068,1057,1090,1154,1252,1366,1543,1722,1901,2104,2227,2358,2552,2813,3121,3451,3766,3758,3588,3805,3987,4207,4463,4796,5264,5628,5937,6151
"Total","50%","25 - 54 years",1126,1225,1234,1226,1270,1342,1460,1593,1815,2025,2221,2445,2598,2727,2917,3201,3528,3876,4205,4232,4095,4346,4507,4734,5015,5361,5841,6230,6516,6717
"Total","50%","25 - 64 years",1101,1204,1214,1208,1247,1317,1432,1564,1774,1984,2178,2401,2552,2686,2890,3174,3512,3869,4224,4262,4097,4349,4524,4756,5045,5402,5885,6270,6564,6771
"Total","50%","25 - 74 years",1053,1154,1163,1159,1189,1254,1356,1479,1671,1870,2054,2277,2418,2556,2765,3038,3377,3733,4113,4137,3936,4169,4354,4583,4868,5219,5697,6066,6365,6571
"Total","50%","55 - 74 years",901,999,1007,1012,1007,1055,1119,1209,1326,1483,1623,1823,1934,2098,2333,2568,2929,3316,3852,3877,3552,3770,3977,4231,4529,4884,5358,5712,6027,6255
"Total","50%","67 years and older",700,778,794,818,815,848,893,957,1034,1133,1226,1333,1415,1493,1612,1716,1896,2161,2692,2695,2526,2666,2791,2961,3218,3385,3722,4431,4712,4922
"Total","50%","75 years and older",663,737,756,781,779,805,843,900,977,1068,1155,1253,1344,1418,1520,1630,1799,2040,2528,2528,2400,2531,2640,2781,2988,3132,3422,4189,4454,4646
"Total","60%","Total",1060,1162,1165,1163,1191,1253,1352,1475,1658,1852,2042,2265,2398,2529,2738,3008,3349,3712,4104,4077,3860,4096,4293,4534,4813,5165,5665,6065,6402,6624
"Total","60%","16 - 24 years",628,672,658,642,655,689,727,780,858,940,1055,1097,1092,1109,1165,1263,1370,1506,1592,1446,1469,1628,1755,1901,2016,2170,2427,2692,2875,2922
"Total","60%","16 - 64 years",1126,1229,1236,1231,1269,1338,1454,1591,1800,2008,2209,2438,2589,2727,2931,3229,3573,3944,4283,4295,4132,4397,4592,4825,5105,5464,5962,6407,6742,6973
"Total","60%","16 - 74 years",1102,1207,1212,1207,1238,1304,1412,1543,1741,1943,2136,2365,2508,2646,2860,3147,3496,3867,4236,4240,4043,4299,4496,4741,5023,5383,5886,6311,6653,6882
"Total","60%","18 - 66 years",1173,1280,1285,1278,1314,1390,1511,1653,1869,2082,2286,2511,2663,2810,3026,3333,3683,4069,4423,4445,4267,4517,4714,4951,5256,5627,6143,6576,6910,7144
"Total","60%","25 - 54 years",1342,1461,1474,1463,1512,1595,1732,1890,2143,2385,2607,2852,3015,3165,3373,3690,4055,4457,4809,4848,4710,4999,5174,5424,5734,6103,6647,7080,7398,7621
"Total","60%","25 - 64 years",1313,1434,1446,1439,1483,1567,1702,1859,2099,2342,2561,2806,2971,3127,3348,3670,4048,4457,4838,4891,4718,5007,5198,5454,5774,6157,6706,7149,7472,7706
"Total","60%","25 - 74 years",1263,1382,1388,1381,1417,1497,1623,1772,2002,2229,2443,2688,2844,3000,3223,3545,3930,4338,4737,4775,4570,4843,5041,5299,5616,6000,6540,6973,7302,7534
"Total","60%","55 - 74 years",1067,1182,1187,1188,1179,1237,1320,1443,1598,1789,1964,2201,2343,2518,2810,3113,3540,3980,4550,4585,4218,4459,4720,5014,5343,5773,6314,6715,7070,7322
"Total","60%","67 years and older",787,878,885,906,903,938,983,1050,1141,1257,1364,1484,1564,1631,1768,1881,2104,2411,3041,2960,2727,2877,3022,3208,3529,3750,4136,4792,5109,5353
"Total","60%","75 years and older",718,796,814,841,837,871,916,980,1064,1166,1265,1373,1462,1513,1630,1753,1947,2220,2802,2715,2537,2669,2786,2956,3203,3358,3675,4431,4718,4938
"Total","70%","Total",1305,1426,1432,1426,1461,1540,1670,1822,2051,2282,2504,2757,2914,3075,3307,3634,4029,4455,4876,4881,4654,4940,5153,5425,5743,6137,6709,7174,7541,7792
"Total","70%","16 - 24 years",744,797,778,753,762,806,867,929,1037,1134,1276,1351,1343,1354,1427,1552,1695,1857,1966,1810,1822,1991,2146,2287,2429,2640,2966,3255,3469,3552
"Total","70%","16 - 64 years",1375,1502,1515,1509,1556,1638,1781,1943,2190,2439,2669,2932,3103,3266,3497,3834,4234,4670,5045,5081,4909,5227,5432,5692,6009,6399,6977,7472,7844,8102
"Total","70%","16 - 74 years",1347,1474,1483,1476,1516,1598,1733,1892,2132,2370,2598,2858,3021,3186,3424,3763,4165,4604,5006,5030,4828,5130,5346,5620,5935,6332,6916,7404,7781,8037
"Total","70%","18 - 66 years",1418,1548,1560,1554,1597,1684,1835,2001,2254,2505,2734,3003,3169,3339,3582,3936,4339,4790,5180,5220,5030,5335,5550,5821,6152,6554,7150,7625,7996,8260
"Total","70%","25 - 54 years",1594,1746,1756,1752,1803,1894,2061,2243,2532,2807,3055,3341,3509,3678,3908,4267,4697,5155,5544,5578,5446,5806,5996,6271,6603,6989,7608,8059,8404,8654
"Total","70%","25 - 64 years",1562,1712,1725,1723,1771,1864,2026,2207,2486,2763,3010,3294,3470,3647,3892,4260,4707,5175,5596,5635,5458,5810,6024,6308,6651,7065,7693,8159,8521,8783
"Total","70%","25 - 74 years",1509,1655,1663,1660,1705,1790,1949,2120,2386,2657,2895,3174,3347,3527,3779,4142,4591,5060,5504,5538,5321,5652,5873,6166,6497,6921,7553,8014,8375,8636
"Total","70%","55 - 74 years",1279,1417,1410,1409,1409,1489,1600,1753,1945,2173,2391,2665,2826,3036,3372,3757,4260,4785,5380,5429,4998,5280,5594,5924,6274,6770,7431,7907,8318,8593
"Total","70%","67 years and older",900,998,1003,1030,1016,1059,1111,1188,1298,1446,1576,1741,1808,1852,2035,2161,2463,2826,3587,3397,3025,3183,3362,3607,3991,4274,4746,5336,5695,5958
"Total","70%","75 years and older",803,893,900,928,922,961,1007,1072,1175,1302,1419,1557,1633,1649,1790,1928,2180,2497,3200,2983,2731,2873,3007,3194,3494,3688,4068,4763,5089,5332
"Total","80%","Total",1631,1788,1798,1797,1843,1933,2102,2293,2570,2851,3107,3413,3597,3788,4061,4447,4938,5467,5954,5933,5688,6060,6304,6616,6971,7413,8086,8595,9031,9304
"Total","80%","16 - 24 years",913,979,955,925,939,984,1063,1143,1273,1411,1576,1684,1680,1698,1790,1939,2128,2344,2482,2288,2271,2452,2636,2818,2992,3278,3675,3981,4234,4362
"Total","80%","16 - 64 years",1709,1868,1885,1886,1942,2040,2219,2416,2714,3003,3275,3586,3784,3972,4238,4637,5128,5667,6115,6119,5936,6347,6581,6880,7239,7672,8340,8865,9306,9589
"Total","80%","16 - 74 years",1674,1836,1847,1848,1899,1994,2167,2363,2650,2935,3199,3513,3701,3896,4172,4570,5071,5617,6087,6083,5850,6248,6499,6810,7167,7619,8293,8818,9262,9550
"Total","80%","18 - 66 years",1747,1910,1926,1927,1981,2084,2270,2469,2772,3067,3339,3653,3850,4042,4326,4730,5233,5798,6257,6268,6060,6456,6700,7004,7377,7840,8518,9030,9480,9752
"Total","80%","25 - 54 years",1931,2106,2128,2134,2190,2304,2505,2723,3059,3371,3661,3996,4183,4363,4638,5050,5581,6165,6621,6602,6487,6934,7154,7451,7845,8259,8947,9425,9834,10082
"Total","80%","25 - 64 years",1895,2072,2090,2099,2156,2269,2470,2689,3017,3329,3618,3956,4149,4343,4642,5059,5615,6213,6708,6703,6500,6947,7190,7506,7907,8371,9082,9582,10011,10276
"Total","80%","25 - 74 years",1838,2014,2026,2036,2088,2194,2386,2596,2916,3224,3502,3837,4026,4228,4531,4950,5507,6105,6628,6607,6364,6781,7033,7367,7753,8232,8939,9455,9882,10151
"Total","80%","55 - 74 years",1563,1731,1729,1739,1766,1844,1998,2184,2424,2722,2974,3313,3502,3786,4176,4646,5291,5932,6648,6621,6049,6406,6763,7182,7547,8176,8920,9521,9987,10325
"Total","80%","67 years and older",1085,1204,1187,1210,1189,1240,1314,1415,1546,1734,1904,2140,2224,2317,2577,2766,3178,3608,4530,4218,3656,3809,4056,4458,4883,5322,5991,6260,6644,6927
"Total","80%","75 years and older",913,1011,1019,1053,1049,1098,1159,1222,1347,1519,1677,1850,1967,1918,2108,2297,2640,3015,3896,3504,3061,3193,3365,3597,3974,4228,4694,5317,5683,5950
"Total","90%","Total",2176,2394,2404,2424,2498,2619,2842,3102,3461,3825,4142,4549,4792,4998,5374,5845,6622,7360,8005,7877,7502,8051,8361,8742,9203,9756,10572,11151,11657,11966
"Total","90%","16 - 24 years",1202,1282,1249,1221,1235,1287,1390,1502,1664,1847,2063,2204,2210,2255,2388,2602,2875,3145,3312,3057,3024,3228,3435,3627,3827,4154,4660,5063,5372,5543
"Total","90%","16 - 64 years",2259,2481,2497,2520,2599,2732,2961,3230,3610,3979,4306,4718,4992,5179,5541,6028,6817,7555,8142,8066,7775,8381,8679,9049,9535,10050,10836,11428,11936,12254
"Total","90%","16 - 74 years",2221,2443,2454,2478,2554,2679,2911,3172,3544,3913,4239,4651,4911,5107,5492,5973,6775,7523,8146,8053,7688,8263,8583,8972,9437,9983,10790,11396,11905,12227
"Total","90%","18 - 66 years",2300,2524,2539,2559,2639,2774,3013,3282,3671,4051,4376,4797,5064,5258,5640,6145,6947,7711,8329,8239,7908,8509,8810,9196,9695,10237,11038,11621,12116,12449
"Total","90%","25 - 54 years",2509,2740,2772,2777,2858,3015,3272,3547,3968,4361,4714,5129,5401,5562,5934,6471,7285,8097,8694,8542,8395,9077,9327,9705,10196,10658,11434,11955,12396,12726
"Total","90%","25 - 64 years",2471,2706,2731,2747,2832,2985,3236,3522,3936,4339,4686,5114,5389,5575,5982,6534,7412,8234,8889,8725,8424,9091,9387,9786,10313,10865,11683,12268,12744,13076
"Total","90%","25 - 74 years",2407,2640,2657,2677,2757,2901,3144,3429,3833,4232,4568,5001,5267,5470,5893,6435,7314,8138,8824,8652,8262,8874,9208,9610,10104,10698,11541,12117,12605,12941
"Total","90%","55 - 74 years",2074,2292,2282,2334,2386,2488,2710,2986,3318,3722,4048,4487,4770,5117,5753,6340,7406,8253,9195,8929,7933,8442,8938,9405,9891,10782,11759,12459,13003,13388
"Total","90%","67 years and older",1464,1637,1593,1613,1573,1661,1799,1976,2158,2434,2690,2996,3088,3322,3701,4047,4795,5410,6588,6020,5173,5380,5856,6407,6872,7545,8412,8905,9366,9696
"Total","90%","75 years and older",1124,1248,1221,1264,1244,1307,1390,1498,1652,1906,2120,2430,2542,2657,2960,3230,3810,4310,5576,4869,4019,4082,4356,4800,5241,5723,6461,6437,6906,7164
"Total","95%","Total",2780,3061,3078,3099,3203,3376,3655,3962,4422,4896,5281,5782,6118,6334,6898,7585,8766,9900,10696,10218,9614,10417,10845,11310,11858,12594,13444,14134,14701,15165
"Total","95%","16 - 24 years",1512,1610,1565,1518,1551,1610,1742,1882,2083,2301,2538,2747,2764,2830,2991,3279,3578,3910,4149,3862,3774,3943,4174,4413,4610,4977,5575,6028,6407,6573
"Total","95%","16 - 64 years",2868,3156,3169,3193,3320,3493,3776,4093,4573,5061,5443,5952,6308,6497,7066,7763,8944,10119,10823,10419,9903,10897,11229,11720,12261,13013,13767,14469,15031,15518
"Total","95%","16 - 74 years",2831,3118,3129,3153,3269,3440,3728,4036,4516,4991,5379,5891,6244,6446,7035,7736,8948,10126,10884,10436,9811,10703,11119,11617,12141,12907,13732,14438,15002,15497
"Total","95%","18 - 66 years",2916,3205,3213,3237,3365,3544,3829,4160,4648,5140,5526,6028,6406,6602,7207,7934,9139,10367,11111,10698,10059,11046,11407,11897,12470,13236,14019,14751,15249,15789
"Total","95%","25 - 54 years",3122,3418,3432,3467,3593,3778,4075,4419,4952,5457,5853,6365,6777,6889,7518,8252,9514,10837,11479,11017,10669,11805,12055,12574,13128,13752,14413,15019,15502,15967
"Total","95%","25 - 64 years",3095,3395,3419,3450,3574,3763,4065,4415,4948,5473,5869,6390,6796,6972,7650,8464,9847,11154,11904,11358,10713,11824,12168,12707,13351,14131,14922,15637,16076,16610
"Total","95%","25 - 74 years",3037,3335,3354,3377,3505,3684,3976,4312,4837,5357,5763,6286,6677,6873,7565,8367,9757,11085,11870,11286,10506,11509,11913,12462,13054,13857,14713,15448,15912,16427
"Total","95%","55 - 74 years",2704,3034,2982,3041,3136,3295,3586,3940,4431,4998,5433,6001,6330,6844,7708,8701,10479,11836,12841,11977,10171,10842,11616,12237,12883,14137,15293,16215,16830,17291
"Total","95%","67 years and older",1911,2149,2091,2127,2136,2218,2448,2729,2963,3343,3688,4068,4187,4509,5220,5710,7055,7842,9318,8257,6959,7196,7826,8491,9031,9853,11080,11705,12215,12567
"Total","95%","75 years and older",1445,1597,1567,1568,1514,1583,1743,1959,2133,2562,2848,3262,3398,3687,4124,4520,5541,6193,7934,6638,5473,5529,5941,6433,7052,7662,8619,8757,9155,9574
"Total","99%","Total",4461,4916,4899,4999,5186,5430,5830,6391,7210,8141,8976,9894,10529,11326,13271,16053,19642,25272,22097,19139,16728,18301,19328,20358,21367,23342,24589,26323,26270,26781
"Total","99%","16 - 24 years",2372,2516,2422,2432,2534,2674,2849,2928,3269,3613,3870,4080,4507,4389,4592,4938,5363,5962,6537,6436,6317,6542,6755,6836,6898,7416,7912,8488,9048,9392
"Total","99%","16 - 64 years",4541,4970,4970,5059,5300,5529,5901,6503,7370,8262,9102,10045,10694,11467,13297,16065,19770,25338,21906,19265,17133,18745,19851,20718,21989,23736,24921,26562,26373,26943
"Total","99%","16 - 74 years",4535,4966,4957,5059,5275,5497,5898,6469,7350,8251,9059,10017,10676,11473,13414,16316,19906,25689,22297,19462,17029,18618,19763,20711,21802,23829,24988,26720,26603,27269
"Total","99%","18 - 66 years",4616,5026,5053,5114,5371,5612,5992,6603,7500,8425,9225,10196,10888,11669,13619,16640,20276,26585,22591,19784,17399,18979,20125,21099,22320,24182,25442,27117,26868,27422
"Total","99%","25 - 54 years",4845,5234,5246,5303,5541,5806,6188,6812,7704,8682,9576,10479,11230,12014,13952,16936,20847,27743,23106,20108,18062,19938,20821,21870,22879,24635,25695,26832,26416,26917
"Total","99%","25 - 64 years",4872,5291,5333,5388,5647,5907,6287,6931,7874,8894,9805,10802,11504,12381,14524,18055,22728,29736,24651,21107,18333,20064,21169,22319,23705,25471,27057,28614,28200,28452
"Total","99%","25 - 74 years",4827,5265,5278,5358,5575,5845,6248,6867,7812,8817,9683,10703,11400,12308,14532,18277,22663,29676,24873,21153,18127,19762,20922,22182,23304,25382,26931,28576,28282,28563
"Total","99%","55 - 74 years",4755,5327,5450,5545,5690,5982,6449,7011,8159,9136,9961,11300,12161,13352,16189,23059,27691,36428,28457,23842,18266,19204,21182,22879,23994,27608,29154,32186,32044,32456
"Total","99%","67 years and older",3518,4123,4230,4144,4126,4373,4896,5390,5875,6946,7667,8681,8640,9896,12195,14785,18138,23355,22342,17470,13220,12858,14793,16221,16650,19614,21448,23087,24160,24455
"Total","99%","75 years and older",2791,3208,3361,3102,2871,3232,3696,4567,4346,5634,6383,7009,7135,7971,9947,11633,16550,19870,18871,14037,10768,10635,11250,12072,13295,14210,16478,17712,17704,17868
"Total","Mean - conditional","Total",1116,1223,1235,1236,1271,1339,1449,1579,1767,1969,2167,2414,2565,2753,2957,3390,3841,4590,4529,4346,4018,4315,4523,4781,5089,5406,5909,6418,6641,6871
"Total","Mean - conditional","16 - 24 years",625,669,647,630,646,676,733,790,883,970,1085,1130,1139,1155,1200,1309,1433,1587,1662,1500,1494,1630,1752,1867,1958,2123,2358,2586,2728,2777
"Total","Mean - conditional","16 - 64 years",1154,1262,1275,1273,1318,1390,1507,1646,1850,2061,2267,2525,2682,2850,3069,3515,3983,4697,4611,4443,4148,4473,4678,4913,5212,5553,6026,6497,6716,6955
"Total","Mean - conditional","16 - 74 years",1140,1250,1261,1261,1301,1371,1485,1619,1818,2025,2226,2483,2637,2828,3041,3492,3957,4707,4622,4450,4124,4434,4652,4907,5212,5545,6056,6542,6770,7015
"Total","Mean - conditional","18 - 66 years",1199,1310,1325,1322,1367,1445,1569,1712,1924,2143,2352,2617,2782,2966,3202,3682,4159,4918,4822,4661,4331,4639,4855,5096,5426,5792,6293,6743,6957,7219
"Total","Mean - conditional","25 - 54 years",1337,1458,1478,1475,1527,1614,1750,1906,2151,2393,2627,2894,3092,3256,3518,3996,4540,5331,5233,5070,4812,5168,5350,5597,5926,6283,6783,7215,7422,7679
"Total","Mean - conditional","25 - 64 years",1320,1444,1464,1464,1514,1599,1733,1892,2128,2375,2604,2910,3097,3296,3555,4079,4625,5468,5357,5204,4838,5188,5403,5663,6022,6412,6937,7409,7599,7859
"Total","Mean - conditional","25 - 74 years",1283,1406,1423,1425,1468,1548,1677,1827,2053,2291,2511,2811,2991,3216,3463,3985,4521,5394,5287,5126,4729,5054,5280,5559,5914,6284,6846,7334,7537,7800
"Total","Mean - conditional","55 - 74 years",1140,1268,1276,1290,1305,1366,1474,1612,1787,2018,2202,2590,2729,3113,3326,3960,4475,5545,5415,5258,4541,4809,5135,5482,5891,6285,6965,7560,7756,8031
"Total","Mean - conditional","67 years and older",869,974,978,1002,985,1032,1105,1193,1298,1459,1610,1791,1895,2165,2293,2586,2965,3807,3928,3645,3214,3384,3595,3985,4325,4507,5127,5846,6081,6205
"Total","Mean - conditional","75 years and older",758,844,858,880,858,905,964,1040,1114,1276,1431,1566,1703,1867,1978,2240,2543,3279,3468,3157,2798,2975,3085,3374,3705,3830,4247,5030,5201,5291
"Total","Number - conditional","Total",171505,174721,177239,179280,180799,182115,182878,184749,185353,184268,187011,190225,192371,196961,199477,200731,204372,208061,215314,221665,224671,222878,224025,226955,230053,233378,236109,237802,241739,248776
"Total","Number - conditional","16 - 24 years",34672,34667,34594,34513,34279,34480,34513,34452,34487,34356,34524,34256,33936,34192,34295,34032,34290,34458,36323,38045,38620,37123,36604,36745,37466,38049,38160,36406,35365,35680
"Total","Number - conditional","16 - 64 years",145249,147778,149652,151075,151978,152632,152887,154288,154520,153336,155576,158377,160180,164206,166309,167353,170479,173440,179778,185039,187120,184532,184326,185963,187919,190142,191870,192457,195053,200516
"Total","Number - conditional","16 - 74 years",160453,163373,165603,167354,168626,169664,170100,171746,171927,170663,173054,175795,177546,181673,183754,184497,187665,191023,197941,203864,206683,204820,205608,208251,211171,214363,216934,218267,221748,228118
"Total","Number - conditional","18 - 66 years",140741,143597,145541,147256,148329,148738,148634,149885,150077,148954,151421,154648,156638,160351,161804,162663,166072,169466,175694,180613,183170,182188,182344,184346,185774,187679,189452,191284,194590,200126
"Total","Number - conditional","25 - 54 years",91023,93584,95560,97208,98445,99152,99513,100561,100400,99163,100525,102718,103768,106191,106956,107063,108723,110525,113589,115930,116515,114584,113984,114705,115044,115991,117162,118854,121923,126123
"Total","Number - conditional","25 - 64 years",110577,113111,115058,116562,117699,118152,118374,119836,120033,118980,121052,124121,126244,130014,132014,133321,136189,138982,143455,146994,148500,147409,147722,149218,150453,152093,153710,156051,159688,164836
"Total","Number - conditional","25 - 74 years",125781,128706,131009,132841,134347,135184,135587,137294,137440,136307,138530,141539,143610,147481,149459,150465,153375,156565,161618,165819,168063,167697,169004,171506,173705,176314,178774,181861,186383,192438
"Total","Number - conditional","55 - 74 years",34758,35122,35449,35633,35902,36032,36074,36733,37040,37144,38005,38821,39842,41290,42503,43402,44652,46040,48029,49889,51548,53113,55020,56801,58661,60323,61612,63007,64460,66315
"Total","Number - conditional","67 years and older",22838,23394,23919,24503,25085,25518,25964,26615,27163,27380,27846,28251,28627,29220,29620,29789,30149,30489,31016,31892,32532,33138,34306,35324,36337,37295,38171,39285,40336,41722
"Total","Number - conditional","75 years and older",11052,11348,11636,11926,12173,12451,12778,13003,13426,13605,13957,14430,14825,15288,15723,16234,16707,17038,17373,17801,17988,18058,18417,18704,18882,19015,19175,19535,19991,20658
"Men","10%","Total",409,447,424,417,433,462,513,558,617,678,752,775,786,807,830,918,997,1118,1129,980,949,1098,1193,1283,1337,1446,1635,1850,1995,2043
"Men","10%","16 - 24 years",190,206,176,155,154,161,188,220,248,287,341,315,271,249,250,315,348,383,345,190,166,209,244,281,279,335,428,523,504,418
"Men","10%","16 - 64 years",386,420,393,384,400,427,481,529,585,642,726,735,729,746,772,868,939,1032,1012,862,825,963,1045,1133,1172,1261,1441,1647,1774,1790
"Men","10%","16 - 74 years",404,440,418,408,425,455,506,556,613,673,751,768,769,790,821,911,985,1097,1087,936,903,1054,1145,1232,1281,1390,1578,1790,1935,1953
"Men","10%","18 - 66 years",498,535,518,501,517,560,620,672,720,777,856,894,899,934,1021,1133,1228,1358,1365,1243,1197,1299,1398,1481,1568,1690,1894,2089,2241,2277
"Men","10%","25 - 54 years",691,729,723,712,712,736,791,855,950,1044,1144,1238,1270,1317,1468,1598,1763,1940,2017,1923,1841,1987,2067,2126,2253,2385,2648,2879,3078,3277
"Men","10%","25 - 64 years",684,725,721,708,708,732,783,844,935,1027,1129,1226,1259,1321,1463,1590,1758,1943,2055,1978,1878,2033,2128,2209,2315,2424,2732,2960,3152,3324
"Men","10%","25 - 74 years",647,697,700,689,691,716,760,814,892,975,1062,1165,1209,1278,1409,1524,1681,1887,2049,2020,1893,2081,2151,2235,2356,2485,2786,3057,3262,3398
"Men","10%","55 - 74 years",585,641,648,654,657,682,709,757,816,893,970,1076,1138,1226,1326,1433,1577,1806,2093,2207,2061,2199,2310,2415,2559,2694,2971,3389,3560,3675
"Men","10%","67 years and older",503,555,565,577,583,605,632,657,714,784,836,916,979,1052,1098,1157,1287,1555,1869,2006,1940,2095,2176,2284,2414,2506,2749,3378,3556,3717
"Men","10%","75 years and older",475,523,527,536,544,563,582,587,655,719,760,839,912,998,958,1021,1160,1472,1752,1885,1886,2079,2146,2231,2314,2384,2615,3228,3401,3562
"Men","20%","Total",643,698,694,685,689,715,759,813,892,975,1075,1161,1197,1251,1357,1482,1637,1844,2010,1920,1881,2068,2151,2252,2382,2532,2830,3250,3503,3641
"Men","20%","16 - 24 years",284,306,277,263,264,276,317,353,390,448,518,482,453,441,450,525,566,615,611,436,423,508,584,641,663,736,855,967,980,934
"Men","20%","16 - 64 years",660,709,700,684,687,711,761,821,908,998,1117,1200,1204,1251,1362,1508,1675,1853,1903,1762,1695,1865,1978,2092,2204,2368,2627,2939,3191,3345
"Men","20%","16 - 74 years",659,712,707,691,695,720,771,829,912,1001,1115,1200,1221,1275,1390,1526,1691,1887,1998,1888,1825,1996,2135,2235,2328,2489,2802,3160,3420,3559
"Men","20%","18 - 66 years",750,802,790,763,766,802,869,946,1055,1164,1295,1375,1381,1443,1581,1740,1928,2137,2250,2083,1965,2121,2249,2367,2515,2708,3050,3339,3589,3709
"Men","20%","25 - 54 years",989,1050,1033,1003,1005,1050,1148,1264,1417,1582,1738,1877,1917,1978,2127,2328,2593,2807,2968,2734,2568,2794,2935,3091,3278,3492,3880,4170,4425,4564
"Men","20%","25 - 64 years",964,1031,1018,987,991,1032,1122,1236,1378,1549,1698,1833,1883,1952,2105,2297,2556,2793,2975,2785,2607,2828,2979,3135,3322,3540,3913,4201,4428,4578
"Men","20%","25 - 74 years",898,969,953,929,929,965,1033,1126,1244,1383,1532,1658,1711,1794,1940,2102,2347,2601,2830,2721,2551,2746,2883,3035,3246,3423,3775,4151,4394,4541
"Men","20%","55 - 74 years",744,816,821,815,812,839,878,944,1016,1126,1234,1351,1435,1540,1667,1795,1981,2252,2621,2706,2526,2688,2828,2976,3197,3355,3649,4131,4351,4518
"Men","20%","67 years and older",588,652,665,680,684,712,741,782,847,921,992,1082,1161,1237,1325,1410,1554,1802,2152,2282,2206,2336,2435,2565,2723,2842,3112,3798,4022,4202
"Men","20%","75 years and older",557,612,627,643,648,670,698,723,786,859,923,1002,1084,1159,1216,1303,1457,1714,2056,2160,2086,2212,2298,2421,2570,2676,2921,3610,3819,3996
"Men","30%","Total",836,906,890,873,876,909,972,1053,1164,1285,1430,1546,1582,1634,1766,1923,2144,2398,2639,2525,2392,2573,2712,2877,3074,3261,3600,4101,4375,4547
"Men","30%","16 - 24 years",381,412,380,361,371,388,440,480,534,592,685,654,626,618,632,719,776,836,839,672,665,785,878,960,990,1084,1218,1372,1414,1386
"Men","30%","16 - 64 years",899,969,946,917,925,963,1047,1147,1279,1426,1589,1716,1744,1802,1938,2133,2387,2624,2748,2524,2383,2606,2764,2934,3110,3325,3695,4075,4365,4525
"Men","30%","16 - 74 years",880,953,932,907,911,949,1020,1111,1234,1366,1526,1650,1682,1748,1884,2059,2307,2560,2742,2584,2439,2650,2811,2980,3172,3370,3740,4165,4444,4615
"Men","30%","18 - 66 years",988,1058,1043,1009,1014,1065,1163,1276,1422,1580,1744,1879,1914,1984,2152,2363,2632,2891,3046,2810,2640,2850,3015,3188,3392,3635,4048,4372,4641,4795
"Men","30%","25 - 54 years",1229,1313,1300,1276,1279,1337,1468,1607,1805,2007,2191,2372,2436,2518,2699,2949,3233,3516,3723,3483,3345,3592,3771,3971,4186,4492,4920,5222,5477,5598
"Men","30%","25 - 64 years",1196,1285,1271,1252,1255,1313,1438,1572,1761,1963,2147,2326,2400,2489,2673,2921,3211,3512,3743,3525,3372,3617,3796,3991,4217,4527,4963,5262,5520,5639
"Men","30%","25 - 74 years",1131,1219,1204,1184,1182,1231,1335,1457,1623,1807,1985,2162,2229,2318,2507,2741,3034,3329,3598,3409,3213,3428,3607,3798,4028,4311,4737,5064,5337,5474
"Men","30%","55 - 74 years",918,1009,1002,984,977,1009,1055,1136,1237,1371,1516,1669,1761,1880,2057,2221,2489,2854,3280,3250,2976,3150,3332,3522,3781,4017,4392,4815,5078,5248
"Men","30%","67 years and older",656,729,742,760,761,791,826,878,943,1029,1119,1219,1306,1376,1480,1570,1736,1981,2383,2484,2371,2497,2611,2759,2967,3112,3402,4098,4341,4535
"Men","30%","75 years and older",609,676,691,709,712,738,768,810,878,955,1029,1116,1204,1278,1367,1457,1620,1871,2251,2334,2229,2379,2475,2595,2766,2882,3160,3875,4107,4301
"Men","40%","Total",1055,1144,1126,1107,1108,1155,1249,1355,1504,1669,1843,2013,2062,2133,2303,2513,2809,3106,3373,3146,2942,3160,3345,3546,3775,4032,4461,4895,5209,5385
"Men","40%","16 - 24 years",496,536,496,475,486,512,566,620,673,730,830,812,801,801,819,916,983,1073,1083,911,913,1054,1159,1263,1311,1444,1596,1776,1871,1855
"Men","40%","16 - 64 years",1133,1223,1205,1185,1195,1247,1360,1487,1660,1846,2042,2218,2278,2361,2535,2788,3089,3383,3565,3308,3146,3406,3609,3808,4005,4295,4756,5142,5454,5608
"Men","40%","16 - 74 years",1106,1200,1180,1160,1164,1211,1315,1435,1596,1772,1958,2138,2191,2277,2455,2689,3002,3294,3523,3297,3113,3355,3549,3757,3970,4257,4708,5105,5429,5590
"Men","40%","18 - 66 years",1206,1297,1283,1261,1265,1329,1456,1590,1777,1973,2159,2339,2405,2505,2703,2966,3266,3587,3799,3570,3399,3630,3826,4038,4265,4587,5056,5403,5703,5861
"Men","40%","25 - 54 years",1426,1538,1535,1515,1527,1602,1751,1907,2138,2369,2572,2785,2874,2974,3154,3452,3774,4120,4358,4191,4085,4353,4524,4745,4994,5323,5816,6151,6405,6542
"Men","40%","25 - 64 years",1392,1506,1505,1483,1497,1573,1716,1872,2090,2320,2527,2737,2832,2938,3130,3423,3758,4117,4381,4246,4109,4376,4562,4778,5040,5388,5884,6223,6486,6625
"Men","40%","25 - 74 years",1331,1444,1435,1411,1416,1490,1621,1766,1970,2183,2383,2591,2676,2783,2991,3270,3605,3966,4260,4120,3934,4183,4369,4593,4861,5196,5687,6014,6288,6443
"Men","40%","55 - 74 years",1095,1209,1197,1177,1160,1205,1276,1380,1515,1692,1860,2068,2173,2310,2543,2784,3132,3536,4003,3937,3611,3811,4020,4253,4561,4900,5384,5733,6031,6209
"Men","40%","67 years and older",733,815,824,842,837,868,911,970,1041,1141,1245,1353,1440,1501,1624,1724,1903,2166,2638,2692,2537,2664,2789,2958,3219,3377,3691,4384,4658,4869
"Men","40%","75 years and older",660,730,746,768,768,797,831,883,953,1042,1132,1237,1325,1387,1486,1596,1769,2014,2452,2500,2370,2495,2599,2749,2954,3091,3369,4108,4355,4563
"Men","50%","Total",1281,1388,1372,1354,1356,1423,1542,1682,1872,2074,2272,2482,2560,2659,2862,3133,3466,3820,4121,3928,3713,3953,4153,4395,4644,4977,5491,5869,6194,6378
"Men","50%","16 - 24 years",620,665,628,605,613,644,694,733,804,884,1007,1004,977,984,1016,1145,1232,1345,1352,1172,1189,1338,1456,1581,1650,1795,1997,2244,2390,2386
"Men","50%","16 - 64 years",1355,1465,1460,1441,1456,1529,1670,1820,2029,2248,2465,2683,2767,2871,3065,3364,3704,4068,4307,4133,3980,4261,4464,4694,4933,5272,5785,6192,6510,6679
"Men","50%","16 - 74 years",1326,1438,1427,1407,1414,1487,1617,1762,1965,2173,2382,2596,2679,2786,2990,3279,3622,3991,4263,4097,3909,4175,4385,4622,4876,5216,5729,6130,6447,6627
"Men","50%","18 - 66 years",1412,1529,1525,1503,1520,1599,1747,1901,2120,2349,2557,2777,2867,2989,3195,3505,3853,4224,4486,4348,4189,4449,4655,4881,5152,5500,6034,6425,6731,6898
"Men","50%","25 - 54 years",1625,1763,1760,1748,1773,1861,2029,2202,2466,2712,2952,3195,3294,3420,3621,3944,4305,4688,4963,4866,4781,5081,5271,5507,5777,6117,6682,7038,7308,7468
"Men","50%","25 - 64 years",1588,1727,1727,1717,1743,1827,1991,2164,2414,2666,2900,3147,3254,3386,3595,3923,4298,4692,4997,4929,4801,5103,5310,5549,5835,6197,6759,7139,7424,7587
"Men","50%","25 - 74 years",1529,1665,1659,1645,1664,1745,1901,2062,2301,2542,2765,3013,3116,3248,3462,3784,4169,4562,4889,4813,4639,4924,5134,5382,5674,6029,6596,6965,7251,7423
"Men","50%","55 - 74 years",1275,1412,1384,1370,1358,1433,1525,1657,1830,2021,2228,2464,2586,2744,3015,3328,3741,4211,4684,4672,4329,4568,4836,5109,5438,5835,6400,6792,7119,7319
"Men","50%","67 years and older",844,935,934,948,931,965,1003,1069,1158,1270,1394,1524,1600,1652,1791,1904,2109,2412,2994,2963,2733,2872,3016,3204,3515,3730,4098,4725,5037,5268
"Men","50%","75 years and older",717,796,811,836,831,860,901,962,1040,1140,1243,1354,1443,1489,1606,1722,1910,2180,2700,2674,2509,2622,2737,2904,3148,3297,3598,4326,4600,4833
"Men","60%","Total",1508,1645,1636,1621,1639,1716,1870,2028,2256,2494,2717,2972,3073,3201,3416,3739,4130,4530,4866,4753,4555,4844,5068,5322,5610,5967,6551,6959,7298,7490
"Men","60%","16 - 24 years",744,797,756,723,725,757,826,890,990,1093,1251,1277,1215,1218,1284,1438,1572,1704,1734,1490,1506,1668,1805,1951,2065,2253,2538,2805,2979,3081
"Men","60%","16 - 64 years",1585,1723,1723,1713,1742,1825,1990,2161,2407,2658,2893,3156,3268,3398,3614,3949,4336,4745,5033,4953,4817,5134,5356,5603,5872,6234,6813,7255,7590,7786
"Men","60%","16 - 74 years",1551,1689,1685,1673,1697,1779,1938,2102,2341,2583,2811,3075,3182,3315,3539,3870,4268,4683,4996,4915,4743,5045,5282,5543,5821,6186,6771,7209,7544,7743
"Men","60%","18 - 66 years",1634,1776,1777,1764,1797,1888,2058,2233,2487,2738,2978,3236,3354,3495,3723,4068,4470,4891,5200,5136,4983,5293,5527,5775,6061,6436,7026,7458,7786,7987
"Men","60%","25 - 54 years",1838,1998,2003,2001,2037,2142,2325,2522,2816,3076,3345,3623,3750,3889,4102,4458,4872,5308,5637,5576,5511,5875,6083,6322,6615,6986,7578,7971,8258,8436
"Men","60%","25 - 64 years",1800,1962,1966,1966,2004,2106,2288,2484,2767,3032,3299,3577,3707,3857,4086,4447,4879,5332,5687,5646,5533,5895,6129,6376,6688,7083,7693,8096,8416,8600
"Men","60%","25 - 74 years",1743,1898,1901,1899,1931,2025,2200,2387,2655,2917,3170,3453,3575,3732,3966,4324,4766,5219,5588,5551,5386,5726,5973,6232,6535,6939,7553,7961,8276,8462
"Men","60%","55 - 74 years",1464,1617,1600,1592,1599,1681,1807,1956,2153,2398,2633,2896,3046,3242,3548,3918,4428,4945,5444,5483,5087,5392,5717,6011,6366,6845,7504,7937,8322,8541
"Men","60%","67 years and older",968,1070,1069,1086,1062,1099,1149,1219,1327,1471,1609,1779,1846,1879,2063,2170,2450,2803,3496,3372,3024,3161,3343,3577,3954,4219,4685,5233,5600,5840
"Men","60%","75 years and older",800,889,891,920,903,939,978,1047,1138,1256,1384,1511,1591,1607,1751,1888,2105,2416,3053,2934,2677,2797,2934,3103,3380,3561,3897,4611,4909,5158
"Men","70%","Total",1771,1933,1934,1933,1969,2064,2241,2432,2703,2962,3220,3514,3649,3804,4045,4413,4875,5355,5746,5683,5493,5850,6113,6382,6689,7108,7746,8187,8566,8783
"Men","70%","16 - 24 years",916,982,935,888,895,932,1024,1107,1238,1367,1538,1609,1551,1543,1621,1808,2000,2165,2221,1895,1901,2086,2250,2403,2549,2805,3163,3472,3723,3793
"Men","70%","16 - 64 years",1846,2013,2018,2023,2066,2172,2357,2555,2847,3114,3384,3691,3836,3985,4221,4598,5061,5554,5906,5856,5739,6133,6375,6637,6941,7341,7965,8438,8823,9025
"Men","70%","16 - 74 years",1810,1978,1979,1980,2020,2124,2303,2497,2779,3042,3309,3607,3753,3907,4151,4532,5003,5501,5874,5832,5663,6039,6302,6580,6889,7303,7945,8416,8802,9013
"Men","70%","18 - 66 years",1889,2056,2065,2069,2113,2226,2420,2620,2920,3190,3457,3769,3914,4070,4326,4705,5183,5687,6067,6037,5893,6275,6528,6791,7113,7526,8179,8623,9022,9224
"Men","70%","25 - 54 years",2095,2281,2289,2294,2353,2464,2675,2895,3228,3522,3808,4152,4308,4453,4687,5075,5583,6101,6496,6434,6414,6841,7063,7316,7652,8030,8676,9074,9423,9597
"Men","70%","25 - 64 years",2057,2241,2249,2261,2319,2431,2638,2865,3187,3479,3767,4107,4267,4431,4688,5072,5605,6138,6577,6533,6433,6872,7117,7386,7725,8170,8827,9256,9648,9829
"Men","70%","25 - 74 years",1997,2179,2184,2191,2244,2355,2552,2771,3084,3370,3646,3982,4138,4304,4570,4960,5498,6032,6485,6451,6287,6697,6958,7247,7570,8024,8693,9140,9526,9714
"Men","70%","55 - 74 years",1692,1865,1853,1864,1889,1977,2125,2322,2552,2833,3084,3422,3600,3841,4190,4618,5245,5823,6462,6490,5984,6338,6724,7078,7407,8011,8725,9296,9721,9988
"Men","70%","67 years and older",1149,1276,1255,1258,1231,1274,1340,1440,1566,1736,1905,2140,2219,2288,2515,2671,3030,3408,4254,4059,3550,3692,3927,4286,4726,5107,5739,6057,6396,6658
"Men","70%","75 years and older",911,1003,1006,1038,1017,1057,1104,1168,1281,1442,1595,1774,1843,1814,2001,2151,2452,2800,3548,3292,2942,3069,3218,3416,3768,3980,4393,5030,5361,5635
"Men","80%","Total",2119,2319,2322,2336,2402,2513,2722,2953,3280,3584,3876,4248,4441,4596,4890,5283,5905,6485,7012,6933,6740,7197,7485,7805,8145,8635,9340,9834,10277,10495
"Men","80%","16 - 24 years",1127,1214,1164,1121,1124,1174,1280,1386,1539,1689,1890,2017,1979,1975,2091,2290,2553,2781,2847,2465,2433,2649,2844,3061,3239,3533,4002,4359,4635,4750
"Men","80%","16 - 64 years",2192,2401,2410,2427,2501,2622,2835,3079,3419,3733,4036,4429,4627,4773,5059,5461,6081,6671,7152,7100,6989,7496,7773,8056,8418,8878,9566,10055,10520,10729
"Men","80%","16 - 74 years",2158,2362,2369,2387,2455,2567,2782,3016,3356,3661,3959,4349,4544,4700,4996,5404,6031,6626,7138,7087,6913,7388,7691,7995,8348,8839,9548,10054,10513,10729
"Men","80%","18 - 66 years",2235,2445,2454,2473,2544,2672,2895,3137,3489,3808,4103,4498,4716,4861,5154,5570,6206,6819,7330,7289,7127,7636,7926,8214,8591,9080,9778,10259,10706,10940
"Men","80%","25 - 54 years",2447,2677,2689,2698,2774,2925,3161,3417,3794,4136,4447,4861,5090,5214,5490,5915,6588,7222,7736,7677,7624,8215,8456,8736,9144,9591,10245,10635,11041,11231
"Men","80%","25 - 64 years",2410,2634,2651,2667,2745,2892,3127,3389,3759,4110,4418,4839,5065,5211,5510,5947,6651,7313,7854,7820,7663,8251,8543,8828,9272,9757,10459,10898,11323,11540
"Men","80%","25 - 74 years",2345,2573,2580,2597,2673,2803,3036,3287,3658,3998,4304,4708,4944,5093,5409,5840,6546,7210,7784,7741,7512,8053,8362,8662,9079,9599,10333,10786,11214,11444
"Men","80%","55 - 74 years",2011,2218,2207,2253,2299,2400,2601,2828,3146,3468,3757,4160,4414,4691,5143,5603,6409,7173,7908,7938,7246,7689,8155,8520,8934,9610,10522,11081,11593,11894
"Men","80%","67 years and older",1406,1573,1534,1530,1491,1563,1666,1810,1987,2184,2406,2664,2751,2896,3193,3485,4029,4544,5494,5199,4508,4661,5112,5580,6028,6563,7428,7758,8128,8280
"Men","80%","75 years and older",1040,1151,1140,1184,1183,1227,1295,1373,1499,1693,1874,2124,2221,2269,2485,2695,3079,3471,4455,4060,3462,3549,3721,4032,4390,4743,5349,5735,6104,6390
"Men","90%","Total",2736,3008,3015,3040,3134,3300,3572,3844,4285,4684,5018,5511,5803,5945,6348,6890,7819,8679,9431,9232,8913,9639,10033,10387,10834,11422,12212,12714,13250,13547
"Men","90%","16 - 24 years",1469,1567,1515,1476,1490,1554,1687,1818,2001,2201,2434,2609,2604,2630,2781,3058,3356,3669,3801,3418,3357,3575,3775,4040,4222,4554,5122,5569,5930,6107
"Men","90%","16 - 64 years",2818,3090,3105,3129,3242,3414,3687,3961,4413,4820,5182,5673,5976,6098,6490,7046,7973,8845,9549,9382,9195,10031,10391,10696,11170,11745,12448,12944,13484,13815
"Men","90%","16 - 74 years",2779,3053,3061,3087,3192,3362,3637,3908,4358,4764,5112,5603,5912,6051,6455,7014,7952,8840,9584,9400,9105,9872,10279,10621,11071,11659,12439,12965,13495,13826
"Men","90%","18 - 66 years",2865,3144,3150,3175,3292,3470,3748,4030,4490,4906,5263,5756,6074,6193,6616,7192,8116,9042,9804,9615,9352,10186,10589,10909,11360,11955,12703,13176,13697,14036
"Men","90%","25 - 54 years",3079,3362,3378,3410,3529,3716,3994,4298,4794,5242,5593,6101,6457,6506,6948,7533,8492,9466,10193,9966,9909,10981,11201,11559,12005,12499,13072,13440,13922,14234
"Men","90%","25 - 64 years",3050,3338,3364,3389,3513,3701,3979,4292,4794,5249,5611,6112,6464,6560,7038,7647,8686,9691,10478,10260,9969,11017,11323,11713,12192,12854,13485,13915,14405,14802
"Men","90%","25 - 74 years",2992,3284,3293,3319,3437,3618,3902,4204,4688,5146,5504,6006,6340,6471,6950,7573,8597,9612,10419,10198,9801,10697,11092,11481,11941,12622,13320,13800,14295,14677
"Men","90%","55 - 74 years",2641,2949,2904,2967,3069,3219,3502,3793,4281,4775,5117,5628,5990,6367,6957,7693,8940,9975,11009,10748,9544,10130,10890,11314,11833,12853,13914,14581,15030,15597
"Men","90%","67 years and older",1870,2094,2031,2053,2061,2148,2337,2575,2840,3125,3401,3729,3889,4146,4602,5037,6026,6691,8035,7441,6431,6720,7243,7880,8361,9097,10212,10718,11131,11370
"Men","90%","75 years and older",1338,1501,1474,1480,1441,1494,1605,1775,1942,2307,2544,2882,3007,3230,3542,3861,4619,5152,6582,5815,4781,4842,5184,5597,6105,6615,7490,7554,8013,8191
"Men","95%","Total",3403,3739,3740,3788,3936,4121,4438,4798,5383,5914,6323,6917,7336,7460,8172,8977,10402,11816,12738,12152,11526,12705,13249,13703,14251,15135,15776,16386,16976,17463
"Men","95%","16 - 24 years",1817,1936,1877,1827,1866,1945,2125,2246,2442,2694,2921,3161,3239,3225,3408,3757,4083,4461,4669,4385,4274,4430,4689,4926,5123,5480,6120,6617,7070,7221
"Men","95%","16 - 64 years",3471,3815,3826,3873,4035,4222,4549,4915,5516,6058,6469,7078,7520,7612,8308,9135,10556,11946,12800,12303,11903,13245,13727,14171,14744,15613,16100,16698,17246,17803
"Men","95%","16 - 74 years",3444,3786,3790,3844,3994,4174,4505,4858,5459,6002,6414,7034,7470,7595,8322,9145,10580,12011,12885,12356,11778,13012,13586,14020,14584,15473,16081,16714,17256,17821
"Men","95%","18 - 66 years",3528,3874,3876,3929,4087,4282,4610,4993,5601,6168,6572,7182,7640,7755,8502,9357,10800,12284,13131,12602,12116,13406,13972,14426,14971,15903,16460,17045,17520,18101
"Men","95%","25 - 54 years",3761,4113,4101,4149,4316,4520,4832,5238,5866,6470,6929,7524,7997,8080,8823,9741,11139,12744,13520,12970,12877,14296,14720,15181,15676,16377,16806,17211,17651,18187
"Men","95%","25 - 64 years",3748,4117,4114,4166,4340,4547,4865,5278,5924,6542,7035,7608,8106,8264,9065,10008,11643,13312,14045,13429,12969,14336,14923,15385,16090,17066,17565,18136,18534,19064
"Men","95%","25 - 74 years",3684,4052,4048,4101,4266,4461,4791,5175,5832,6444,6900,7511,7999,8172,9004,9951,11564,13267,14059,13389,12749,13973,14625,15106,15707,16735,17329,17961,18370,18924
"Men","95%","55 - 74 years",3421,3849,3843,3890,4050,4211,4611,4970,5683,6346,6777,7460,8002,8508,9650,10631,12659,14490,15237,14343,12376,13284,14394,14944,15728,17458,18365,19321,19978,20516
"Men","95%","67 years and older",2401,2772,2695,2747,2729,2872,3150,3446,3864,4388,4688,5124,5368,5769,6597,7231,8960,9902,11357,10122,8523,8726,9535,10328,10819,11897,13261,13893,14502,14828
"Men","95%","75 years and older",1780,2020,1975,1942,1864,1953,2133,2491,2699,3189,3522,3942,4072,4369,4971,5446,6697,7407,9174,7795,6457,6555,7071,7672,8236,8915,10146,10381,10682,11027
"Men","99%","Total",5283,5721,5804,5856,6132,6411,6917,7495,8598,9626,10485,11400,12174,13151,15445,18547,23185,30020,25792,22353,19401,21623,22723,24029,24911,27166,28776,30370,30176,30627
"Men","99%","16 - 24 years",2786,2917,2788,2872,3013,3139,3327,3337,3884,4171,4369,4731,5307,4844,5011,5288,5995,6507,7471,7576,7976,7941,7833,7784,7727,8387,8765,9127,9700,10542
"Men","99%","16 - 64 years",5332,5762,5847,5894,6200,6476,6926,7541,8663,9690,10633,11505,12289,13254,15392,18422,23190,29912,25546,22353,19657,22097,23319,24464,25388,27481,29002,30485,30216,30590
"Men","99%","16 - 74 years",5336,5775,5852,5908,6180,6472,6968,7535,8709,9712,10605,11510,12294,13413,15531,18920,23280,30325,26225,22680,19581,21954,23176,24313,25182,27564,29068,30823,30464,30970
"Men","99%","18 - 66 years",5435,5832,5971,5978,6265,6566,7023,7682,8803,9882,10745,11661,12547,13661,15780,19199,23741,31553,26589,22932,20017,22389,23586,24880,25707,27854,29390,31136,30730,31065
"Men","99%","25 - 54 years",5681,6073,6208,6152,6486,6759,7199,7897,8993,10131,11057,11998,12744,14036,16131,19730,24436,32861,27799,23184,20985,23473,24494,25724,26574,28017,29360,30410,29946,30360
"Men","99%","25 - 64 years",5719,6158,6348,6357,6662,6921,7457,8082,9201,10434,11357,12412,13126,14380,16901,20907,26518,35061,28767,24199,21184,23534,24787,26203,27269,29408,31037,32961,32241,32369
"Men","99%","25 - 74 years",5700,6140,6318,6301,6602,6888,7415,8039,9201,10360,11287,12292,13111,14390,16965,21179,26548,34855,28868,24322,21050,23257,24544,25944,26866,29294,30837,32992,32323,32667
"Men","99%","55 - 74 years",5753,6371,6702,6683,7063,7374,8026,8540,10076,11388,12263,13399,14156,15580,19013,26373,32352,42523,33221,27699,21293,22584,24677,26173,27407,31932,33954,37150,36291,37267
"Men","99%","67 years and older",4575,5320,5092,5306,5385,5622,6292,6503,7403,8574,9660,10187,10502,11452,14664,18204,22952,29028,26310,20985,15703,15598,18224,19851,19487,24859,25675,28025,28467,29321
"Men","99%","75 years and older",3391,3924,4108,3900,3862,4429,4941,6035,5771,7031,7897,8818,8880,9605,12035,13793,17854,26308,22219,17216,12508,12856,13813,14981,16174,17981,20353,21618,22758,22651
"Men","Mean - conditional","Total",1485,1619,1619,1613,1648,1726,1868,2025,2255,2491,2718,2995,3145,3313,3562,4058,4594,5426,5307,4997,4666,5040,5280,5549,5859,6218,6770,7250,7487,7705
"Men","Mean - conditional","16 - 24 years",750,802,761,735,751,780,853,915,1024,1123,1255,1297,1288,1282,1338,1476,1632,1774,1831,1599,1586,1730,1859,1975,2053,2238,2498,2742,2904,2959
"Men","Mean - conditional","16 - 64 years",1537,1672,1673,1666,1710,1793,1943,2111,2358,2603,2844,3128,3278,3439,3684,4186,4742,5515,5391,5074,4797,5208,5446,5694,5982,6365,6870,7330,7554,7773
"Men","Mean - conditional","16 - 74 years",1518,1655,1654,1647,1686,1767,1915,2076,2319,2558,2794,3078,3233,3403,3652,4171,4720,5540,5411,5105,4781,5170,5425,5693,5992,6368,6924,7392,7631,7858
"Men","Mean - conditional","18 - 66 years",1603,1741,1745,1735,1778,1870,2031,2204,2463,2716,2959,3251,3412,3592,3859,4406,4969,5794,5655,5342,5020,5418,5669,5925,6248,6647,7188,7623,7837,8076
"Men","Mean - conditional","25 - 54 years",1812,1963,1971,1961,2008,2108,2286,2479,2770,3052,3326,3620,3808,3947,4248,4811,5435,6304,6183,5850,5612,6080,6281,6552,6871,7239,7752,8131,8333,8550
"Men","Mean - conditional","25 - 64 years",1788,1943,1952,1946,1994,2093,2267,2465,2751,3040,3308,3642,3825,4023,4314,4901,5544,6462,6316,5993,5656,6114,6364,6636,6993,7431,7986,8425,8605,8831
"Men","Mean - conditional","25 - 74 years",1735,1889,1895,1889,1931,2024,2192,2377,2653,2930,3189,3519,3705,3910,4203,4802,5429,6390,6240,5930,5539,5959,6223,6513,6871,7287,7895,8344,8546,8780
"Men","Mean - conditional","55 - 74 years",1524,1685,1684,1686,1713,1785,1924,2087,2328,2593,2815,3246,3433,3815,4088,4781,5416,6598,6376,6117,5372,5698,6104,6435,6870,7379,8166,8749,8954,9226
"Men","Mean - conditional","67 years and older",1093,1224,1216,1234,1219,1268,1364,1461,1593,1779,1932,2148,2252,2436,2731,3047,3503,4598,4585,4275,3734,3914,4161,4549,4981,5234,5958,6565,6870,7014
"Men","Mean - conditional","75 years and older",890,992,997,1024,997,1049,1117,1208,1271,1486,1604,1791,1901,2047,2314,2549,2926,3920,3910,3560,3110,3316,3409,3696,4144,4272,4773,5428,5667,5794
"Men","Number - conditional","Total",85060,86496,87734,88680,89313,89867,90143,90957,91048,90222,91476,92998,94168,96556,97783,98397,100399,102297,106238,109438,110965,109764,110238,111638,113276,114993,116580,117736,120073,124127
"Men","Number - conditional","16 - 24 years",17703,17669,17670,17579,17471,17545,17575,17613,17567,17417,17477,17258,17200,17415,17529,17390,17440,17500,18573,19404,19803,19037,18702,18718,19157,19431,19487,18552,18056,18213
"Men","Number - conditional","16 - 64 years",73323,74512,75435,76022,76393,76657,76674,77275,77236,76380,77376,78745,79720,81813,82850,83384,85102,86621,90090,92729,93808,92118,91797,92627,93626,94656,95795,96302,97932,101156
"Men","Number - conditional","16 - 74 years",80525,81889,83022,83800,84333,84757,84878,85601,85536,84615,85658,87014,87985,90151,91211,91584,93352,95076,98831,101827,103309,102067,102298,103572,105098,106738,108262,109179,111265,114941
"Men","Number - conditional","18 - 66 years",70946,72332,73215,73987,74491,74541,74403,74914,74806,74044,75170,76788,77893,79751,80414,80904,82778,84472,87821,90375,91767,90871,90769,91713,92438,93484,94593,95650,97699,100951
"Men","Number - conditional","25 - 54 years",45961,47235,48148,48904,49413,49762,49859,50227,50064,49271,49815,50878,51328,52569,52845,52816,53923,54853,56505,57706,57968,56683,56264,56688,56860,57338,58154,59346,61201,63861
"Men","Number - conditional","25 - 64 years",55620,56843,57765,58443,58922,59112,59099,59662,59669,58963,59899,61487,62520,64398,65321,65994,67662,69121,71517,73325,74005,73081,73095,73909,74469,75225,76308,77750,79876,82943
"Men","Number - conditional","25 - 74 years",62822,64220,65352,66221,66862,67212,67303,67988,67969,67198,68181,69756,70785,72736,73682,74194,75912,77576,80258,82423,83506,83030,83596,84854,85941,87307,88775,90627,93209,96728
"Men","Number - conditional","55 - 74 years",16861,16985,17204,17317,17449,17450,17444,17761,17905,17927,18366,18878,19457,20167,20837,21378,21989,22723,23753,24717,25538,26347,27332,28166,29081,29969,30621,31281,32008,32867
"Men","Number - conditional","67 years and older",10029,10244,10519,10833,11078,11298,11498,11791,12027,12139,12388,12558,12724,12979,13159,13273,13510,13655,13954,14383,14635,15003,15689,16197,16764,17279,17740,18421,18933,19694
"Men","Number - conditional","75 years and older",4535,4607,4712,4880,4980,5110,5265,5356,5512,5607,5818,5984,6183,6405,6572,6813,7047,7221,7407,7611,7656,7697,7940,8066,8178,8255,8318,8557,8808,9186
"Women","10%","Total",195,214,219,217,235,257,290,326,382,442,509,556,579,622,648,709,770,888,993,932,905,1026,1112,1200,1262,1347,1523,1711,1833,1884
"Women","10%","16 - 24 years",155,168,151,140,141,147,168,188,224,256,307,306,278,270,274,321,370,398,392,264,245,300,330,394,384,441,511,579,577,509
"Women","10%","16 - 64 years",186,203,206,202,222,243,277,313,367,423,491,519,539,580,613,675,730,831,907,845,822,939,1016,1092,1140,1215,1364,1544,1637,1674
"Women","10%","16 - 74 years",193,211,215,212,232,255,289,327,382,440,507,549,572,614,650,710,768,877,964,908,886,1005,1087,1174,1235,1318,1491,1675,1787,1828
"Women","10%","18 - 66 years",204,223,236,237,264,296,333,382,442,506,572,625,653,708,769,837,901,1017,1136,1123,1094,1176,1264,1358,1449,1580,1773,1919,2056,2127
"Women","10%","25 - 54 years",209,226,248,251,291,332,381,434,519,590,663,772,827,911,984,1056,1162,1325,1505,1605,1559,1635,1691,1765,1879,2041,2314,2530,2709,2816
"Women","10%","25 - 64 years",216,237,257,262,301,339,385,438,519,592,664,779,823,914,986,1060,1167,1328,1555,1679,1616,1702,1777,1856,1967,2133,2412,2617,2797,2942
"Women","10%","25 - 74 years",225,248,268,274,309,347,388,441,513,586,654,767,810,904,975,1044,1150,1343,1596,1740,1673,1767,1853,1940,2065,2240,2534,2737,2922,3073
"Women","10%","55 - 74 years",262,307,318,336,349,379,406,459,507,581,636,759,789,896,961,1028,1133,1380,1749,1909,1885,2073,2145,2232,2315,2385,2629,2965,3108,3323
"Women","10%","67 years and older",293,327,327,352,343,366,381,408,468,545,589,673,732,802,798,855,962,1316,1658,1850,1882,2075,2143,2228,2311,2382,2613,3116,3290,3413
"Women","10%","75 years and older",285,307,293,317,292,310,325,300,394,483,545,614,669,700,603,692,797,1091,1502,1562,1369,1666,1884,1974,2023,2193,2346,2795,3025,3132
"Women","20%","Total",350,387,399,406,430,467,507,557,623,692,765,845,892,971,1031,1110,1221,1434,1658,1734,1696,1847,1965,2088,2220,2380,2615,2894,3110,3291
"Women","20%","16 - 24 years",226,245,237,226,237,250,279,304,346,389,456,450,448,447,449,511,554,613,640,529,526,618,677,753,773,825,919,1011,1011,975
"Women","20%","16 - 64 years",332,364,376,378,409,449,494,550,621,688,766,840,886,957,1016,1095,1196,1354,1534,1548,1526,1664,1773,1882,1994,2143,2410,2674,2902,3036
"Women","20%","16 - 74 years",341,377,390,394,421,462,503,557,624,694,768,850,895,973,1039,1117,1222,1410,1617,1669,1632,1775,1895,2013,2144,2309,2605,2814,3017,3212
"Women","20%","18 - 66 years",368,405,424,429,459,507,559,613,689,758,836,933,983,1063,1145,1246,1365,1534,1746,1834,1783,1894,2000,2115,2267,2407,2705,2914,3119,3306
"Women","20%","25 - 54 years",421,461,488,495,538,592,646,701,790,876,963,1108,1196,1300,1411,1535,1697,1902,2140,2281,2220,2356,2437,2551,2710,2906,3232,3511,3716,3896
"Women","20%","25 - 64 years",424,468,492,503,540,591,644,700,782,868,956,1104,1175,1288,1396,1520,1685,1893,2158,2311,2223,2371,2465,2592,2741,2943,3249,3514,3705,3892
"Women","20%","25 - 74 years",419,466,487,499,530,576,624,680,754,837,920,1056,1120,1237,1337,1451,1608,1834,2129,2270,2184,2325,2416,2539,2694,2870,3167,3531,3718,3896
"Women","20%","55 - 74 years",416,476,484,506,514,551,588,639,691,774,843,974,1007,1133,1230,1327,1478,1731,2115,2259,2135,2291,2392,2526,2686,2830,3097,3550,3720,3895
"Women","20%","67 years and older",424,471,479,496,494,519,543,578,626,704,759,847,903,996,1060,1133,1274,1576,1937,2056,1976,2133,2219,2333,2466,2558,2801,3478,3660,3803
"Women","20%","75 years and older",437,479,482,500,492,511,536,559,615,684,735,811,877,962,985,1074,1218,1528,1870,1965,1901,2085,2154,2247,2360,2471,2695,3364,3539,3681
"Women","30%","Total",476,524,541,552,574,619,665,716,789,871,958,1074,1139,1236,1326,1434,1586,1813,2097,2201,2122,2282,2386,2519,2681,2828,3124,3576,3791,3964
"Women","30%","16 - 24 years",291,315,310,299,315,339,371,411,454,506,584,576,581,597,600,667,712,795,851,752,756,876,951,1038,1081,1145,1250,1377,1410,1403
"Women","30%","16 - 64 years",467,513,531,538,569,619,669,721,800,882,976,1105,1168,1268,1363,1480,1632,1840,2070,2160,2096,2265,2375,2504,2660,2850,3168,3465,3695,3876
"Women","30%","16 - 74 years",470,518,536,545,571,618,667,719,794,877,967,1092,1153,1257,1352,1464,1617,1838,2105,2208,2132,2298,2403,2537,2694,2875,3186,3567,3784,3964
"Women","30%","18 - 66 years",500,550,573,581,611,662,712,767,852,943,1040,1180,1247,1350,1467,1597,1766,1977,2231,2346,2266,2415,2527,2663,2842,3056,3391,3664,3886,4082
"Women","30%","25 - 54 years",563,619,648,655,690,739,798,861,976,1085,1201,1376,1484,1605,1727,1877,2094,2336,2619,2763,2686,2845,2956,3108,3308,3553,3910,4210,4442,4656
"Women","30%","25 - 64 years",561,620,647,657,687,735,792,856,962,1070,1182,1356,1451,1576,1702,1854,2070,2313,2621,2774,2676,2837,2961,3118,3312,3557,3902,4191,4420,4637
"Women","30%","25 - 74 years",549,609,633,646,672,716,768,829,924,1029,1128,1289,1372,1497,1624,1759,1961,2208,2546,2688,2570,2722,2840,2989,3191,3408,3744,4117,4338,4545
"Women","30%","55 - 74 years",519,589,602,624,631,664,708,767,828,921,1008,1146,1191,1336,1453,1575,1749,2007,2424,2563,2409,2564,2690,2842,3039,3224,3529,3986,4182,4396
"Women","30%","67 years and older",509,566,573,595,589,615,646,689,746,831,900,998,1059,1144,1234,1322,1480,1757,2127,2223,2154,2293,2387,2518,2684,2774,3042,3741,3947,4107
"Women","30%","75 years and older",526,574,587,606,596,620,652,678,741,824,890,978,1052,1104,1170,1277,1439,1727,2069,2172,2086,2212,2309,2437,2575,2691,2945,3620,3819,3966
"Women","40%","Total",584,645,666,675,695,737,788,849,942,1036,1138,1279,1358,1464,1584,1705,1892,2133,2481,2564,2461,2620,2744,2896,3094,3303,3636,4107,4356,4558
"Women","40%","16 - 24 years",359,390,386,376,394,424,465,511,562,617,699,701,718,737,748,811,869,973,1046,957,966,1102,1193,1294,1367,1453,1589,1742,1809,1811
"Women","40%","16 - 64 years",585,642,666,671,698,745,800,864,968,1071,1186,1350,1438,1552,1676,1819,2025,2267,2550,2664,2582,2762,2893,3049,3246,3484,3832,4157,4417,4637
"Women","40%","16 - 74 years",583,643,666,673,696,741,794,857,955,1057,1165,1318,1401,1516,1640,1773,1971,2222,2537,2649,2547,2717,2848,3001,3207,3430,3779,4163,4420,4634
"Women","40%","18 - 66 years",616,675,699,700,729,780,842,907,1018,1124,1244,1414,1506,1622,1758,1917,2131,2382,2686,2814,2708,2873,3009,3170,3381,3648,4013,4304,4564,4784
"Women","40%","25 - 54 years",672,737,766,772,813,872,941,1017,1156,1287,1424,1631,1768,1895,2043,2231,2487,2770,3090,3246,3132,3319,3454,3630,3872,4142,4552,4881,5129,5356
"Women","40%","25 - 64 years",669,736,763,771,807,864,931,1008,1136,1262,1398,1598,1721,1857,2008,2198,2458,2741,3089,3248,3109,3305,3444,3627,3864,4139,4544,4858,5103,5332
"Women","40%","25 - 74 years",653,722,747,758,786,839,900,973,1089,1206,1329,1512,1619,1754,1904,2077,2330,2608,2984,3121,2968,3147,3279,3458,3697,3958,4353,4702,4953,5172
"Women","40%","55 - 74 years",616,692,710,725,729,768,819,884,960,1067,1162,1309,1370,1514,1650,1786,2006,2284,2777,2899,2698,2862,3008,3184,3419,3660,4004,4425,4673,4891
"Women","40%","67 years and older",582,653,661,686,679,707,746,800,867,949,1018,1110,1185,1288,1387,1484,1639,1889,2305,2380,2266,2429,2517,2644,2830,2960,3239,3996,4232,4404
"Women","40%","75 years and older",588,654,666,693,680,712,752,794,870,942,1005,1092,1180,1260,1347,1449,1613,1852,2238,2299,2218,2415,2493,2595,2724,2850,3112,3893,4128,4287
"Women","50%","Total",676,744,767,778,800,850,910,982,1093,1207,1328,1498,1598,1710,1851,2010,2251,2533,2926,3001,2847,3031,3171,3351,3589,3849,4240,4664,4944,5164
"Women","50%","16 - 24 years",440,475,474,468,484,524,568,614,674,728,809,828,850,877,897,962,1030,1153,1252,1173,1188,1344,1451,1564,1663,1754,1940,2128,2251,2273
"Women","50%","16 - 64 years",689,754,778,785,818,875,940,1017,1146,1269,1407,1602,1722,1855,2004,2191,2445,2731,3063,3189,3062,3273,3425,3605,3838,4113,4523,4879,5159,5389
"Women","50%","16 - 74 years",684,751,774,783,811,864,928,1002,1123,1241,1369,1553,1661,1791,1942,2116,2369,2657,3021,3132,2987,3184,3330,3514,3753,4026,4434,4814,5094,5325
"Women","50%","18 - 66 years",713,782,807,813,847,905,975,1055,1189,1320,1461,1656,1783,1916,2080,2283,2541,2842,3185,3325,3183,3372,3527,3716,3968,4270,4690,5026,5305,5529
"Women","50%","25 - 54 years",777,855,885,889,939,1006,1085,1178,1345,1510,1669,1902,2064,2212,2370,2601,2893,3219,3576,3746,3603,3814,3963,4180,4443,4754,5187,5577,5844,6083
"Women","50%","25 - 64 years",771,851,878,886,928,995,1073,1164,1319,1479,1632,1857,2012,2163,2334,2568,2866,3192,3578,3747,3579,3801,3960,4182,4444,4764,5198,5563,5833,6082
"Women","50%","25 - 74 years",751,831,857,867,902,962,1032,1118,1259,1405,1549,1762,1899,2050,2223,2447,2735,3063,3471,3616,3427,3626,3787,3999,4264,4570,4996,5368,5644,5888
"Women","50%","55 - 74 years",698,780,801,820,825,868,925,1000,1091,1204,1314,1470,1547,1701,1872,2060,2345,2667,3213,3316,3042,3238,3408,3621,3896,4197,4601,5007,5285,5515
"Women","50%","67 years and older",637,719,737,763,758,783,821,881,956,1046,1123,1224,1297,1406,1514,1614,1772,2022,2517,2535,2406,2544,2653,2800,3015,3173,3480,4230,4489,4681
"Women","50%","75 years and older",633,715,734,761,756,778,817,872,948,1023,1096,1185,1276,1373,1468,1572,1732,1969,2427,2437,2323,2481,2569,2708,2886,3021,3299,4098,4355,4524
"Women","60%","Total",777,856,879,889,920,978,1047,1131,1270,1416,1564,1770,1901,2033,2205,2421,2705,3038,3466,3554,3360,3565,3731,3947,4213,4521,4958,5377,5684,5936
"Women","60%","16 - 24 years",527,570,571,566,581,627,668,712,774,840,934,978,1004,1033,1067,1142,1222,1368,1493,1416,1429,1587,1722,1860,1975,2106,2339,2577,2745,2801
"Women","60%","16 - 64 years",799,877,904,909,952,1016,1093,1187,1344,1505,1665,1892,2049,2200,2374,2615,2914,3252,3629,3780,3615,3854,4022,4247,4507,4832,5280,5684,5992,6251
"Women","60%","16 - 74 years",790,869,895,902,938,999,1073,1162,1308,1463,1615,1834,1975,2128,2307,2539,2840,3175,3580,3706,3518,3743,3911,4138,4400,4722,5170,5577,5886,6144
"Women","60%","18 - 66 years",822,903,930,935,977,1044,1126,1222,1385,1551,1715,1942,2103,2256,2442,2698,3006,3346,3737,3896,3718,3939,4114,4342,4622,4964,5426,5812,6130,6375
"Women","60%","25 - 54 years",899,989,1017,1021,1083,1157,1250,1361,1566,1758,1947,2193,2383,2538,2724,3000,3327,3683,4079,4264,4106,4352,4509,4737,5048,5406,5872,6301,6607,6867
"Women","60%","25 - 64 years",890,981,1009,1015,1067,1140,1232,1342,1533,1726,1904,2147,2332,2493,2690,2970,3308,3667,4089,4275,4094,4338,4510,4750,5059,5427,5895,6316,6627,6897
"Women","60%","25 - 74 years",865,954,980,989,1031,1101,1186,1288,1464,1646,1813,2053,2224,2383,2588,2853,3191,3553,3995,4157,3943,4171,4354,4588,4889,5249,5713,6115,6430,6681
"Women","60%","55 - 74 years",793,884,903,921,927,977,1039,1120,1229,1368,1494,1681,1783,1956,2191,2433,2784,3146,3744,3841,3513,3745,3955,4225,4514,4881,5346,5705,6034,6310
"Women","60%","67 years and older",694,773,791,818,815,849,896,965,1051,1148,1235,1343,1420,1512,1630,1737,1923,2196,2785,2733,2550,2696,2824,2993,3250,3426,3793,4511,4801,5012
"Women","60%","75 years and older",679,756,775,801,795,828,874,936,1022,1115,1196,1298,1386,1460,1569,1678,1853,2107,2664,2595,2447,2591,2701,2850,3073,3219,3533,4313,4590,4777
"Women","70%","Total",902,994,1018,1028,1068,1135,1220,1326,1502,1689,1864,2103,2277,2435,2646,2920,3262,3638,4105,4222,3996,4234,4427,4674,4981,5353,5836,6265,6614,6889
"Women","70%","16 - 24 years",629,674,677,668,682,723,766,816,901,982,1091,1171,1190,1226,1277,1356,1472,1631,1789,1740,1741,1905,2050,2203,2338,2511,2819,3074,3264,3359
"Women","70%","16 - 64 years",934,1028,1056,1061,1115,1187,1283,1402,1598,1798,1985,2236,2431,2600,2808,3104,3450,3823,4257,4430,4245,4505,4696,4939,5258,5637,6119,6602,6959,7242
"Women","70%","16 - 74 years",921,1014,1041,1048,1094,1163,1254,1367,1555,1746,1931,2177,2360,2525,2743,3031,3382,3758,4210,4360,4151,4405,4594,4845,5159,5537,6022,6480,6845,7127
"Women","70%","18 - 66 years",956,1053,1081,1086,1140,1215,1313,1434,1636,1840,2030,2278,2477,2649,2868,3171,3524,3906,4356,4528,4331,4576,4773,5019,5359,5753,6251,6722,7077,7362
"Women","70%","25 - 54 years",1040,1149,1180,1186,1259,1342,1452,1584,1825,2047,2259,2517,2747,2922,3130,3444,3805,4218,4650,4839,4659,4949,5108,5368,5720,6105,6625,7123,7477,7758
"Women","70%","25 - 64 years",1028,1137,1167,1174,1240,1320,1429,1562,1791,2012,2216,2473,2700,2878,3096,3420,3798,4209,4674,4860,4649,4936,5116,5386,5732,6138,6664,7167,7524,7812
"Women","70%","25 - 74 years",1001,1107,1136,1142,1198,1275,1378,1504,1721,1935,2130,2385,2596,2775,3003,3318,3695,4108,4590,4751,4516,4782,4974,5238,5577,5988,6505,6987,7347,7631
"Women","70%","55 - 74 years",904,1009,1026,1045,1045,1107,1184,1290,1425,1597,1752,1974,2115,2322,2614,2917,3353,3779,4417,4504,4140,4382,4629,4943,5278,5721,6250,6650,7033,7347
"Women","70%","67 years and older",775,863,876,901,903,939,988,1058,1155,1276,1370,1494,1572,1648,1791,1907,2150,2468,3166,3014,2764,2923,3074,3269,3599,3826,4246,4919,5243,5494
"Women","70%","75 years and older",742,822,840,869,868,907,955,1017,1113,1224,1319,1437,1518,1565,1685,1816,2036,2319,2977,2804,2613,2756,2886,3063,3317,3495,3858,4600,4909,5118
"Women","80%","Total",1072,1186,1213,1223,1280,1359,1469,1608,1836,2066,2278,2547,2768,2961,3208,3541,3946,4390,4917,5029,4779,5063,5271,5556,5913,6339,6914,7427,7837,8145
"Women","80%","16 - 24 years",737,791,792,780,793,848,896,955,1069,1168,1290,1409,1443,1473,1563,1644,1793,1985,2179,2135,2126,2307,2466,2618,2800,3034,3431,3697,3914,4033
"Women","80%","16 - 64 years",1110,1228,1259,1268,1341,1425,1542,1689,1937,2172,2399,2677,2911,3115,3362,3704,4102,4571,5057,5220,5003,5325,5513,5799,6170,6581,7174,7718,8122,8458
"Women","80%","16 - 74 years",1094,1211,1240,1250,1314,1394,1508,1655,1893,2123,2344,2617,2844,3044,3297,3642,4045,4510,5021,5157,4920,5221,5423,5713,6076,6502,7087,7619,8034,8364
"Women","80%","18 - 66 years",1132,1252,1281,1290,1365,1450,1569,1720,1971,2212,2439,2716,2951,3158,3417,3767,4174,4659,5154,5314,5078,5390,5585,5881,6261,6686,7301,7827,8239,8575
"Women","80%","25 - 54 years",1228,1357,1390,1400,1490,1584,1710,1873,2154,2416,2659,2949,3205,3412,3654,4023,4451,4950,5423,5587,5385,5751,5922,6230,6612,7016,7655,8184,8570,8897
"Women","80%","25 - 64 years",1211,1342,1374,1386,1468,1560,1689,1849,2117,2379,2622,2905,3160,3377,3634,4010,4457,4958,5476,5628,5382,5731,5923,6250,6630,7069,7711,8247,8657,9000
"Women","80%","25 - 74 years",1182,1310,1339,1349,1424,1510,1635,1793,2055,2308,2541,2824,3064,3276,3545,3913,4359,4864,5395,5532,5256,5581,5781,6111,6484,6923,7570,8090,8497,8838
"Women","80%","55 - 74 years",1059,1180,1203,1219,1225,1297,1401,1545,1720,1952,2131,2391,2580,2815,3173,3568,4076,4594,5316,5386,4915,5181,5477,5827,6188,6702,7361,7882,8334,8695
"Women","80%","67 years and older",877,974,985,1015,1011,1062,1118,1198,1318,1474,1600,1772,1849,1894,2096,2250,2607,2973,3846,3553,3129,3282,3462,3735,4106,4419,4930,5513,5880,6153
"Women","80%","75 years and older",841,935,944,968,970,1015,1069,1138,1257,1403,1528,1692,1766,1749,1896,2056,2361,2701,3515,3153,2854,3018,3174,3373,3722,3959,4376,5072,5408,5657
"Women","90%","Total",1360,1508,1543,1561,1643,1735,1888,2077,2369,2686,2943,3273,3548,3808,4139,4568,5115,5756,6388,6385,6020,6433,6667,7060,7500,8003,8729,9340,9835,10218
"Women","90%","16 - 24 years",901,965,968,958,981,1027,1095,1171,1302,1452,1610,1775,1828,1881,1981,2086,2279,2539,2784,2734,2712,2899,3074,3251,3453,3778,4185,4554,4801,4975
"Women","90%","16 - 64 years",1396,1548,1593,1607,1706,1800,1958,2152,2461,2792,3055,3400,3696,3952,4285,4729,5268,5943,6515,6549,6238,6689,6920,7308,7772,8252,8992,9624,10141,10513
"Women","90%","16 - 74 years",1382,1533,1571,1588,1677,1770,1927,2117,2422,2745,3004,3345,3632,3889,4226,4666,5216,5899,6496,6508,6158,6584,6828,7220,7678,8172,8918,9545,10057,10434
"Women","90%","18 - 66 years",1416,1571,1614,1628,1725,1821,1981,2180,2499,2830,3097,3436,3743,3997,4342,4804,5352,6045,6635,6674,6318,6753,6995,7390,7882,8375,9132,9758,10274,10650
"Women","90%","25 - 54 years",1514,1683,1735,1747,1849,1952,2121,2319,2679,3030,3326,3685,3973,4222,4577,5037,5606,6342,6886,6918,6644,7127,7376,7745,8248,8716,9504,10119,10590,10958
"Women","90%","25 - 64 years",1496,1667,1713,1729,1825,1926,2097,2301,2646,3001,3290,3651,3940,4202,4581,5065,5658,6399,7019,7010,6628,7107,7368,7774,8273,8795,9606,10245,10753,11131
"Women","90%","25 - 74 years",1468,1633,1677,1695,1782,1883,2050,2250,2583,2926,3208,3570,3854,4123,4498,4973,5569,6315,6953,6924,6509,6956,7214,7631,8123,8641,9428,10083,10583,10961
"Women","90%","55 - 74 years",1332,1479,1508,1523,1557,1641,1793,2001,2239,2567,2808,3156,3372,3722,4204,4764,5447,6220,7137,6942,6169,6552,6871,7377,7858,8482,9297,10005,10566,10968
"Women","90%","67 years and older",1074,1195,1175,1215,1193,1260,1349,1471,1622,1858,2039,2304,2382,2535,2884,3134,3728,4212,5327,4751,4039,4162,4513,4985,5357,5920,6658,6949,7419,7775
"Women","90%","75 years and older",971,1078,1083,1121,1128,1191,1266,1328,1474,1675,1859,2088,2217,2276,2543,2769,3259,3710,4831,4109,3531,3606,3814,4165,4527,4953,5564,5898,6281,6554
"Women","95%","Total",1637,1830,1879,1899,1990,2098,2296,2532,2911,3340,3676,4053,4356,4679,5185,5741,6620,7528,8243,7953,7326,7885,8186,8688,9258,9870,10771,11597,12090,12567
"Women","95%","16 - 24 years",1052,1120,1120,1121,1149,1197,1269,1373,1521,1710,1904,2080,2164,2234,2372,2548,2774,3094,3377,3311,3276,3446,3640,3819,4059,4429,4899,5311,5612,5770
"Women","95%","16 - 64 years",1674,1870,1923,1945,2046,2159,2367,2609,3013,3446,3803,4177,4495,4825,5314,5907,6775,7686,8329,8123,7546,8171,8446,8971,9565,10150,11069,11940,12435,12932
"Women","95%","16 - 74 years",1657,1856,1904,1925,2023,2133,2336,2575,2969,3405,3746,4125,4437,4759,5273,5858,6742,7665,8349,8098,7465,8054,8349,8871,9464,10064,10969,11826,12349,12834
"Women","95%","18 - 66 years",1696,1895,1944,1967,2067,2181,2392,2646,3043,3496,3853,4229,4537,4880,5403,6001,6906,7860,8525,8271,7646,8234,8528,9071,9680,10311,11248,12095,12592,13070
"Women","95%","25 - 54 years",1798,2001,2065,2083,2192,2319,2544,2805,3237,3717,4105,4479,4815,5116,5625,6253,7206,8258,8781,8505,8055,8705,8975,9530,10107,10642,11614,12475,12936,13393
"Women","95%","25 - 64 years",1777,1988,2041,2059,2168,2293,2520,2790,3207,3681,4065,4452,4782,5117,5675,6364,7359,8390,9014,8685,8014,8663,8950,9534,10137,10798,11782,12690,13193,13661
"Women","95%","25 - 74 years",1753,1959,2007,2031,2135,2247,2474,2739,3139,3614,3982,4372,4686,5020,5603,6251,7268,8298,8969,8597,7891,8478,8782,9382,9962,10636,11599,12484,12996,13472
"Women","95%","55 - 74 years",1610,1816,1832,1858,1899,1997,2205,2480,2778,3268,3569,3990,4256,4694,5523,6243,7510,8416,9497,8847,7470,7899,8387,9031,9640,10622,11566,12505,13097,13619
"Women","95%","67 years and older",1336,1482,1457,1476,1455,1530,1667,1871,2078,2392,2677,3057,3104,3412,3938,4397,5196,5970,7379,6340,5307,5441,5860,6515,6951,7675,8619,9171,9727,10112
"Women","95%","75 years and older",1181,1298,1263,1324,1287,1361,1464,1587,1769,2112,2374,2746,2813,3042,3424,3762,4589,5128,6661,5502,4569,4550,4909,5485,5980,6530,7448,7454,7890,8253
"Women","99%","Total",2397,2692,2787,2812,2893,3084,3430,3972,4513,5376,6000,6632,7052,7923,9586,11956,14937,19432,16930,14104,11647,12445,13200,14193,15527,16906,18406,20322,20313,20775
"Women","99%","16 - 24 years",1393,1487,1488,1470,1544,1593,1654,1828,2123,2439,2671,2902,3099,3268,3604,3849,3996,4631,5164,4875,5004,4955,5407,5476,5602,6144,6476,7159,7498,7852
"Women","99%","16 - 64 years",2416,2696,2798,2828,2941,3120,3470,3999,4591,5473,6076,6704,7201,8038,9627,12017,14922,19368,16704,14239,11882,12755,13442,14521,15940,17202,18747,20662,20593,21243
"Women","99%","16 - 74 years",2414,2710,2797,2830,2931,3116,3463,4004,4570,5462,6057,6682,7153,7972,9636,12229,15046,19823,16976,14259,11799,12622,13386,14530,15782,17266,18738,20698,20634,21214
"Women","99%","18 - 66 years",2466,2731,2833,2863,2965,3148,3503,4030,4636,5521,6158,6847,7320,8130,9832,12475,15354,20429,17269,14596,12025,12861,13599,14730,16169,17613,19004,20983,20901,21497
"Women","99%","25 - 54 years",2558,2858,2976,3004,3117,3326,3692,4264,4904,5770,6607,7157,7695,8533,10183,12767,15477,21453,17389,14770,12503,13555,14368,15461,16945,18024,19701,21343,21160,21594
"Women","99%","25 - 64 years",2563,2872,2958,2994,3106,3300,3662,4249,4868,5814,6581,7261,7787,8653,10575,13916,17634,22999,18677,15569,12573,13439,14337,15526,17091,18424,20042,22098,21773,22514
"Women","99%","25 - 74 years",2557,2877,2944,2982,3081,3266,3626,4225,4817,5761,6517,7189,7674,8550,10491,13919,17265,23001,18772,15429,12390,13261,14176,15480,16867,18387,19925,21962,21778,22402
"Women","99%","55 - 74 years",2543,2922,2799,2898,2955,3158,3476,4125,4614,5732,6202,7323,7590,8686,11651,18658,22149,28889,22762,17419,12139,12500,13696,15610,16704,18856,20421,23583,23773,24222
"Women","99%","67 years and older",2236,2618,2603,2549,2475,2660,3036,3747,3630,4710,5368,6009,6184,6883,8899,10976,15277,18589,17254,12427,9579,9606,10925,11766,12254,13359,15013,16750,17396,17654
"Women","99%","75 years and older",2021,2374,2431,2397,2057,2243,2542,3041,3039,4251,4896,5844,5740,6299,7742,8912,13907,16192,16417,11050,9032,8636,9098,9731,10791,11341,13205,14228,14065,14928
"Women","Mean - conditional","Total",753,835,858,867,903,962,1041,1146,1296,1469,1639,1857,2009,2215,2375,2748,3115,3782,3771,3711,3386,3612,3789,4038,4341,4617,5070,5603,5806,6041
"Women","Mean - conditional","16 - 24 years",494,531,529,521,537,568,609,660,736,813,911,960,986,1023,1057,1134,1228,1394,1486,1397,1397,1526,1640,1754,1859,2001,2212,2424,2545,2586
"Women","Mean - conditional","16 - 64 years",763,844,870,876,923,984,1069,1179,1343,1523,1697,1929,2091,2265,2459,2849,3227,3881,3827,3809,3495,3740,3916,4137,4448,4748,5185,5662,5871,6122
"Women","Mean - conditional","16 - 74 years",760,842,866,874,915,975,1057,1166,1323,1501,1670,1900,2052,2262,2438,2822,3202,3882,3835,3796,3468,3702,3886,4130,4439,4729,5192,5692,5904,6158
"Women","Mean - conditional","18 - 66 years",788,872,899,905,953,1018,1107,1220,1389,1576,1754,1993,2158,2346,2552,2964,3354,4048,3990,3979,3639,3865,4049,4275,4613,4943,5401,5863,6070,6346
"Women","Mean - conditional","25 - 54 years",852,943,978,982,1043,1116,1212,1334,1536,1742,1940,2182,2390,2578,2804,3202,3660,4372,4293,4296,4019,4274,4442,4664,5003,5349,5827,6301,6504,6785
"Women","Mean - conditional","25 - 64 years",847,939,971,979,1033,1104,1200,1324,1513,1723,1915,2192,2382,2582,2811,3273,3718,4485,4404,4419,4025,4278,4462,4708,5071,5414,5902,6400,6592,6876
"Women","Mean - conditional","25 - 74 years",831,924,953,964,1010,1077,1169,1289,1466,1669,1854,2123,2297,2540,2744,3191,3631,4416,4347,4332,3929,4167,4356,4624,4978,5300,5811,6331,6528,6810
"Women","Mean - conditional","55 - 74 years",779,877,891,916,919,973,1052,1167,1281,1481,1629,1969,2057,2442,2593,3163,3561,4519,4475,4415,3724,3935,4178,4545,4928,5205,5779,6387,6573,6857
"Women","Mean - conditional","67 years and older",695,780,792,817,800,844,899,979,1064,1204,1352,1506,1610,1949,1944,2216,2528,3166,3390,3127,2788,2945,3119,3508,3763,3880,4404,5212,5383,5482
"Women","Mean - conditional","75 years and older",667,742,763,781,762,804,857,922,1006,1129,1308,1406,1561,1738,1736,2017,2263,2808,3140,2856,2566,2722,2838,3130,3369,3490,3844,4720,4834,4888
"Women","Number - conditional","Total",86445,88225,89505,90600,91486,92248,92735,93792,94305,94046,95535,97227,98203,100405,101694,102334,103973,105764,109076,112227,113706,113114,113787,115317,116777,118385,119529,120066,121666,124649
"Women","Number - conditional","16 - 24 years",16969,16998,16924,16934,16808,16935,16938,16839,16920,16939,17047,16998,16736,16777,16766,16642,16850,16958,17750,18641,18817,18086,17902,18027,18309,18618,18673,17854,17309,17467
"Women","Number - conditional","16 - 64 years",71926,73266,74217,75053,75585,75975,76213,77013,77284,76956,78200,79632,80460,82393,83459,83969,85377,86819,89688,92310,93312,92414,92529,93336,94293,95486,96075,96155,97121,99360
"Women","Number - conditional","16 - 74 years",79928,81484,82581,83554,84293,84907,85222,86145,86391,86048,87396,88781,89561,91522,92543,92913,94313,95947,99110,102037,103374,102753,103310,104679,106073,107625,108672,109088,110483,113177
"Women","Number - conditional","18 - 66 years",69795,71265,72326,73269,73838,74197,74231,74971,75271,74910,76251,77860,78745,80600,81390,81759,83294,84994,87873,90238,91403,91317,91575,92633,93336,94195,94859,95634,96891,99175
"Women","Number - conditional","25 - 54 years",45062,46349,47412,48304,49032,49390,49654,50334,50336,49892,50710,51840,52440,53622,54111,54247,54800,55672,57084,58224,58547,57901,57720,58017,58184,58653,59008,59508,60722,62262
"Women","Number - conditional","25 - 64 years",54957,56268,57293,58119,58777,59040,59275,60174,60364,60017,61153,62634,63724,65616,66693,67327,68527,69861,71938,73669,74495,74328,74627,75309,75984,76868,77402,78301,79812,81893
"Women","Number - conditional","25 - 74 years",62959,64486,65657,66620,67485,67972,68284,69306,69471,69109,70349,71783,72825,74745,75777,76271,77463,78989,81360,83396,84557,84667,85408,86652,87764,89007,89999,91234,93174,95710
"Women","Number - conditional","55 - 74 years",17897,18137,18245,18316,18453,18582,18630,18972,19135,19217,19639,19943,20385,21123,21666,22024,22663,23317,24276,25172,26010,26766,27688,28635,29580,30354,30991,31726,32452,33448
"Women","Number - conditional","67 years and older",12809,13150,13400,13670,14007,14220,14466,14824,15136,15241,15458,15693,15903,16241,16461,16516,16639,16834,17062,17509,17897,18135,18617,19127,19573,20016,20431,20864,21403,22028
"Women","Number - conditional","75 years and older",6517,6741,6924,7046,7193,7341,7513,7647,7914,7998,8139,8446,8642,8883,9151,9421,9660,9817,9966,10190,10332,10361,10477,10638,10704,10760,10857,10978,11183,11472