"Value unit","Employment","Economic activity","2008Q1","2008Q2","2008Q3","2008Q4","2009Q1","2009Q2","2009Q3","2009Q4","2010Q1","2010Q2","2010Q3","2010Q4","2011Q1","2011Q2","2011Q3","2011Q4","2012Q1","2012Q2","2012Q3","2012Q4","2013Q1","2013Q2","2013Q3","2013Q4","2014Q1","2014Q2","2014Q3","2014Q4","2015Q1","2015Q2","2015Q3","2015Q4","2016Q1","2016Q2","2016Q3","2016Q4","2017Q1","2017Q2","2017Q3","2017Q4","2018Q1","2018Q2","2018Q3","2018Q4","2019Q1","2019Q2","2019Q3","2019Q4","2020Q1","2020Q2"
"Hours worked","Total employment","A. Agriculture, forestry and fishing",3260900.0,3316900.0,2920400.0,3533200.0,3293800.0,3564100.0,3171300.0,3599000.0,3396400.0,3566300.0,3412500.0,3590900.0,3434600.0,3560100.0,3472500.0,3801300.0,3635400.0,3682300.0,3412100.0,3746900.0,3595400.0,3570700.0,3393300.0,3681400.0,3356900.0,3385900.0,3245300.0,3535600.0,3368000.0,3304400.0,3266500.0,3496800.0,3211200.0,3126000.0,2895300.0,3090900.0,2437000.0,2930700.0,2751400.0,3046500.0,2871300.0,2864800.0,2795300.0,3048100.0,2926500.0,2958300.0,2708900.0,2994600.0,2777100.0,2735200.0
"Hours worked","Total employment","B-E. Mining and quarrying; manufacturing; electricity, gas, steam and air conditioning supply; water supply; sewerage, waste management and remediation activities",9827800.0,10175200.0,9142500.0,10191500.0,9014400.0,7997700.0,8149000.0,9374600.0,9017400.0,8087800.0,8387500.0,9414600.0,8986600.0,8686000.0,8835300.0,9835100.0,9446900.0,8519900.0,8925400.0,9883800.0,9309700.0,9061500.0,9178400.0,10113200.0,9863700.0,8791000.0,9174500.0,10119400.0,9620200.0,8689000.0,9381600.0,10431500.0,9475900.0,9437700.0,9332200.0,10373900.0,9482000.0,8765200.0,9263200.0,10282800.0,9521000.0,9020600.0,9075600.0,10163800.0,10002500.0,8935600.0,8834500.0,10147600.0,9630900.0,8223400.0
"Hours worked","Total employment","C. Manufacturing",8683900.0,8955000.0,7862300.0,8943100.0,7851300.0,6979900.0,7003600.0,8241100.0,7923000.0,7101600.0,7269100.0,8319800.0,7891800.0,7675500.0,7721800.0,8716000.0,8355900.0,7531600.0,7837500.0,8768200.0,8270200.0,8034400.0,8070800.0,9022600.0,8768200.0,7800600.0,8078600.0,8992100.0,8538300.0,7721300.0,8282500.0,9235600.0,8417100.0,8347100.0,8198400.0,9206700.0,8346200.0,7726100.0,8097700.0,9075500.0,8364100.0,7904700.0,7884600.0,8931200.0,8744500.0,7815000.0,7657100.0,8862400.0,8351300.0,7091300.0
"Hours worked","Total employment","F. Construction",7439800.0,7748400.0,6902700.0,6332900.0,4271800.0,3726600.0,3869100.0,3959100.0,3277800.0,3159900.0,3224700.0,3395900.0,3051600.0,3043500.0,3093300.0,3267300.0,2980800.0,2978500.0,3055800.0,3377500.0,3163500.0,3272400.0,3329700.0,3564600.0,3439800.0,3337100.0,3451700.0,3875100.0,3624700.0,3593300.0,3771500.0,4273000.0,4055700.0,4273300.0,4327700.0,4925100.0,4872800.0,4856400.0,5127000.0,5713600.0,5399500.0,5336400.0,5218800.0,5949600.0,5749400.0,5431900.0,5111500.0,5746800.0,5232200.0,4662100.0
"Hours worked","Total employment","G-I. Wholesale and retail trade; repair of motor vehicles and motorcycles; transportation and storage; accommodation and food service activities",15798400.0,16439700.0,15464500.0,14918800.0,13044400.0,13012500.0,13136500.0,13434300.0,12745500.0,13251800.0,13378400.0,13563200.0,12723600.0,13931100.0,13946800.0,14123400.0,13389100.0,14340000.0,14450100.0,14522900.0,14013500.0,15007800.0,15113900.0,15031700.0,14510800.0,15503300.0,15637600.0,15699300.0,14896300.0,16306800.0,16826100.0,16976400.0,16421500.0,17902000.0,18180300.0,18562700.0,17802200.0,19353300.0,19322700.0,19641700.0,18584300.0,19750500.0,19316200.0,19696500.0,18667800.0,19238000.0,17612800.0,18537600.0,17173800.0,13885600.0
"Hours worked","Total employment","J. Information and communication",3207200.0,3182400.0,3003700.0,3186300.0,3036000.0,2484900.0,2607900.0,2950600.0,2998900.0,2500600.0,2645300.0,2984100.0,3058900.0,2690500.0,2687800.0,3000600.0,3018100.0,2556700.0,2714700.0,3028700.0,3006100.0,2788200.0,2860800.0,3191700.0,3239700.0,2704700.0,2877100.0,3196000.0,3199500.0,2712700.0,2945200.0,3307800.0,3119500.0,2959900.0,2933700.0,3273600.0,3278000.0,2751700.0,2929300.0,3241000.0,3092100.0,2779300.0,2805100.0,3141400.0,3482300.0,2885500.0,2896900.0,3363300.0,3389200.0,2597700.0
"Hours worked","Total employment","K. Financial and insurance activities",3685400.0,3717100.0,3473900.0,3563700.0,3296300.0,2678700.0,2777300.0,3060400.0,3013300.0,2583100.0,2787000.0,2989600.0,2926300.0,2698900.0,2778000.0,3036600.0,3021500.0,2588100.0,2747000.0,2932300.0,2829100.0,2635900.0,2684600.0,2991900.0,2954300.0,2427200.0,2580000.0,2726200.0,2680600.0,2276400.0,2510700.0,2658900.0,2486300.0,2436100.0,2431700.0,2599500.0,2565100.0,2207200.0,2369900.0,2516600.0,2437000.0,2260700.0,2309800.0,2465000.0,2548600.0,2146900.0,2160500.0,2405900.0,2461300.0,2041300.0
"Hours worked","Total employment","M-N. Professional, scientific and technical activities; administrative and support service activities",5358500.0,5641700.0,5566200.0,5398700.0,4883900.0,4102300.0,4436500.0,4677700.0,4615600.0,4058700.0,4487900.0,4716900.0,4790300.0,4441500.0,4733700.0,5030900.0,5029400.0,4503800.0,4967200.0,5200500.0,5060100.0,4933800.0,5179700.0,5344800.0,5476500.0,4841900.0,5418000.0,5634000.0,5623900.0,5123700.0,5853000.0,6066300.0,5761100.0,6039500.0,6611600.0,6915800.0,6925200.0,6368000.0,7292400.0,7372100.0,6998700.0,6777800.0,7326700.0,7512200.0,7483600.0,6575900.0,6961500.0,7311900.0,7010800.0,5074500.0
"Hours worked","Total employment","O-Q. Public administration and defence; compulsory social security; education; human health and social work activities",20088700.0,20937200.0,19985000.0,22208800.0,21407900.0,19296700.0,19000200.0,20420400.0,20352900.0,18673100.0,18673900.0,20097500.0,19840300.0,18898500.0,18691500.0,19998300.0,20100800.0,18428700.0,18249200.0,20039100.0,19655800.0,19317300.0,18458100.0,20180500.0,20304100.0,18721800.0,18878400.0,20645800.0,20626500.0,18391600.0,18840800.0,21792100.0,19827500.0,19657400.0,18697200.0,21050100.0,21060300.0,19148400.0,18897800.0,21305000.0,21076300.0,20155400.0,19252600.0,21755800.0,23051600.0,20671800.0,19622900.0,22579800.0,22885800.0,21958400.0
"Hours worked","Total employment","R-U. Arts, entertainment and recreation; other service activities; activities of household and extra-territorial organizations and bodies",2769000.0,2860300.0,2774200.0,2935300.0,2812200.0,2567700.0,2648300.0,2807300.0,2775700.0,2540000.0,2680900.0,2796900.0,2735000.0,2650400.0,2674600.0,2807400.0,2765200.0,2572100.0,2622500.0,2771000.0,2711700.0,2681200.0,2710100.0,2781500.0,2818800.0,2627100.0,2740600.0,2870300.0,2837000.0,2703100.0,2783000.0,3014400.0,2731300.0,2758400.0,2755000.0,2877300.0,2866200.0,2702800.0,2826300.0,2967500.0,2912700.0,2843000.0,2861900.0,3053800.0,3153000.0,2919500.0,2855500.0,3094400.0,3085000.0,2478200.0
"Hours worked","Total employment","Total - All activities",71999400.0,74551100.0,69713600.0,72726900.0,65442600.0,59738600.0,60132400.0,64662200.0,62564400.0,58747400.0,60039100.0,63946900.0,61920200.0,60937700.0,61274500.0,65319000.0,63790000.0,60527000.0,61537000.0,65940600.0,63762800.0,63671400.0,63331400.0,67345500.0,66434900.0,62745100.0,64448500.0,68792100.0,66951500.0,63506100.0,66635100.0,72540900.0,67557800.0,69049600.0,68655500.0,74206200.0,71824500.0,69550300.0,71315400.0,76685900.0,73471900.0,72336500.0,71565800.0,77432900.0,77680200.0,72279700.0,69296600.0,76797300.0,74232300.0,64096200.0
"Hours worked","Employees","A. Agriculture, forestry and fishing",2722400.0,2807500.0,2450700.0,3014600.0,2746900.0,3037800.0,2677700.0,3065000.0,2870600.0,3061500.0,2931200.0,3083400.0,2889200.0,3040000.0,2956200.0,3242900.0,3045400.0,3056100.0,2872700.0,3176000.0,2989600.0,3005100.0,2878500.0,3130400.0,2737400.0,2839800.0,2737000.0,2981800.0,2805800.0,2761900.0,2763800.0,2944000.0,2674000.0,2615900.0,2408000.0,2578900.0,1923100.0,2457400.0,2306800.0,2580300.0,2384100.0,2405100.0,2368100.0,2581600.0,2445400.0,2489000.0,2292500.0,2531400.0,2295600.0,2281800.0
"Hours worked","Employees","B-E. Mining and quarrying; manufacturing; electricity, gas, steam and air conditioning supply; water supply; sewerage, waste management and remediation activities",9718000.0,10064100.0,9038800.0,10079800.0,8916800.0,7918400.0,8064200.0,9277800.0,8930800.0,8014200.0,8309100.0,9329300.0,8898100.0,8607200.0,8756900.0,9743700.0,9359500.0,8438500.0,8845400.0,9796900.0,9222300.0,8982900.0,9102600.0,10021900.0,9761600.0,8714100.0,9093600.0,10028600.0,9529400.0,8611800.0,9292200.0,10339400.0,9391700.0,9358400.0,9245500.0,10283500.0,9401500.0,8695900.0,9187700.0,10201400.0,9445300.0,8953400.0,9006200.0,10089000.0,9929000.0,8871400.0,8769700.0,10072500.0,9558400.0,8164000.0
"Hours worked","Employees","C. Manufacturing",8574400.0,8844100.0,7758800.0,8831700.0,7754900.0,6901800.0,6920100.0,8145600.0,7837900.0,7029300.0,7192000.0,8235900.0,7804300.0,7597800.0,7644700.0,8626300.0,8269800.0,7451500.0,7758700.0,8682600.0,8184000.0,7956700.0,7996000.0,8932400.0,8667600.0,7724800.0,7999000.0,8902500.0,8448700.0,7645200.0,8194200.0,9144500.0,8334000.0,8269200.0,8113700.0,9118400.0,8267600.0,7658300.0,8023800.0,8996100.0,8289800.0,7838700.0,7816600.0,8857800.0,8672800.0,7752300.0,7593600.0,8789000.0,8280600.0,7033500.0
"Hours worked","Employees","F. Construction",6924100.0,7247900.0,6441400.0,5761900.0,3889700.0,3380000.0,3473400.0,3570900.0,2956600.0,2819400.0,2891800.0,3011400.0,2699900.0,2693200.0,2690700.0,2858000.0,2611500.0,2598200.0,2658400.0,2945800.0,2757400.0,2857000.0,2877600.0,3150500.0,3003200.0,2947300.0,3046000.0,3383100.0,3220800.0,3215900.0,3360600.0,3752200.0,3588500.0,3850900.0,3880200.0,4454900.0,4434300.0,4452500.0,4677600.0,5245400.0,4971800.0,4945500.0,4828100.0,5506300.0,5316400.0,5071200.0,4750800.0,5333900.0,4815200.0,4288800.0
"Hours worked","Employees","G-I. Wholesale and retail trade; repair of motor vehicles and motorcycles; transportation and storage; accommodation and food service activities",15377500.0,15999700.0,15089500.0,14459200.0,12666300.0,12673100.0,12762000.0,13058300.0,12379400.0,12906300.0,13056400.0,13178900.0,12339000.0,13580200.0,13626800.0,13722000.0,12999800.0,13950800.0,14111100.0,14133100.0,13605600.0,14637800.0,14756600.0,14639100.0,14091100.0,15128900.0,15297900.0,15292500.0,14492700.0,15929300.0,16466400.0,16575700.0,16031600.0,17515900.0,17798900.0,18152800.0,17396600.0,18965300.0,18958500.0,19252400.0,18198200.0,19389800.0,18939800.0,19327700.0,18316500.0,18864800.0,17263800.0,18165400.0,16799700.0,13554300.0
"Hours worked","Employees","J. Information and communication",3102900.0,3083700.0,2905700.0,3074200.0,2934800.0,2395200.0,2512200.0,2841800.0,2882400.0,2407800.0,2546400.0,2881100.0,2929400.0,2596900.0,2591300.0,2892400.0,2890000.0,2432200.0,2589700.0,2890200.0,2867300.0,2664800.0,2743900.0,3062000.0,3084800.0,2584400.0,2752300.0,3053900.0,3056200.0,2594200.0,2821100.0,3172400.0,2999500.0,2848200.0,2814900.0,3148600.0,3164200.0,2650800.0,2824900.0,3133600.0,2975700.0,2672800.0,2703500.0,3029600.0,3363000.0,2780700.0,2793200.0,3247400.0,3268900.0,2511200.0
"Hours worked","Employees","K. Financial and insurance activities",3666400.0,3699400.0,3456400.0,3545000.0,3278400.0,2662900.0,2759800.0,3042000.0,2991300.0,2563800.0,2766600.0,2968100.0,2900700.0,2681800.0,2758600.0,3016000.0,3002400.0,2571600.0,2729400.0,2914200.0,2809500.0,2618700.0,2668200.0,2974600.0,2934700.0,2412100.0,2563900.0,2709200.0,2661900.0,2260400.0,2493900.0,2640800.0,2469500.0,2421200.0,2416700.0,2583700.0,2551000.0,2195400.0,2357600.0,2503600.0,2422300.0,2247100.0,2295700.0,2450100.0,2536500.0,2136700.0,2150500.0,2394000.0,2449600.0,2032600.0
"Hours worked","Employees","M-N. Professional, scientific and technical activities; administrative and support service activities",5001400.0,5264500.0,5214400.0,5008400.0,4528900.0,3801400.0,4105700.0,4305800.0,4260300.0,3765200.0,4193700.0,4392000.0,4419200.0,4157900.0,4447100.0,4662400.0,4667300.0,4175400.0,4643500.0,4823200.0,4680000.0,4607600.0,4850100.0,4974000.0,5055500.0,4526800.0,5085800.0,5270300.0,5241500.0,4802600.0,5499600.0,5689200.0,5414900.0,5712900.0,6232300.0,6520600.0,6566700.0,6044300.0,6937400.0,7028400.0,6631100.0,6450700.0,6999300.0,7158200.0,7145900.0,6275300.0,6622600.0,6952000.0,6651600.0,4788800.0
"Hours worked","Employees","O-Q. Public administration and defence; compulsory social security; education; human health and social work activities",19575000.0,20435800.0,19520900.0,21685600.0,20873400.0,18839200.0,18547100.0,19896500.0,19886400.0,18189400.0,18250900.0,19615700.0,19356100.0,18384800.0,18271900.0,19515200.0,19602500.0,17945400.0,17803800.0,19539800.0,19122500.0,18834100.0,18019200.0,19703500.0,19720000.0,18250100.0,18433700.0,20138500.0,20074300.0,17909000.0,18364900.0,21251300.0,19308200.0,19177200.0,18203500.0,20494900.0,20523100.0,18658100.0,18414300.0,20789700.0,20544900.0,19674600.0,18767600.0,21217500.0,22490600.0,20126800.0,19137600.0,21998500.0,22331600.0,21406700.0
"Hours worked","Employees","R-U. Arts, entertainment and recreation; other service activities; activities of household and extra-territorial organizations and bodies",2397500.0,2519600.0,2455000.0,2541200.0,2418300.0,2245900.0,2324200.0,2449200.0,2397600.0,2247600.0,2360300.0,2433100.0,2353100.0,2326800.0,2349900.0,2425000.0,2390600.0,2244500.0,2307200.0,2407900.0,2349000.0,2368300.0,2390900.0,2436500.0,2456600.0,2336600.0,2434300.0,2507400.0,2471700.0,2403600.0,2471000.0,2699500.0,2413400.0,2468200.0,2438100.0,2559100.0,2538200.0,2405300.0,2506400.0,2622700.0,2568000.0,2528500.0,2548400.0,2705600.0,2782800.0,2600500.0,2535700.0,2758600.0,2738600.0,2201500.0
"Hours worked","Employees","Total - All activities",69029200.0,71633900.0,67034100.0,69605700.0,62617000.0,57246000.0,57546400.0,61866600.0,59903700.0,56281900.0,57647500.0,61267400.0,59134200.0,58385200.0,58788800.0,62469100.0,60945000.0,57744800.0,58930200.0,63038800.0,60789500.0,60951100.0,60683400.0,64526100.0,63281500.0,60119300.0,61862900.0,65825000.0,63995700.0,60866500.0,63960200.0,69555400.0,64728100.0,66398500.0,65897400.0,71281900.0,69005200.0,66966800.0,68680400.0,73917400.0,70685500.0,69786700.0,69036700.0,74685300.0,74909400.0,69705600.0,66820500.0,74036900.0,71462800.0,61642400.0
"Hours worked","Self employed","A. Agriculture, forestry and fishing",538400.0,509300.0,469700.0,518600.0,546900.0,526200.0,493600.0,534000.0,525800.0,504700.0,481300.0,507500.0,545300.0,520100.0,516300.0,558400.0,590000.0,626200.0,539400.0,570900.0,605900.0,565600.0,514800.0,551000.0,619500.0,546100.0,508300.0,553800.0,562200.0,542600.0,502700.0,552800.0,537200.0,510100.0,487300.0,512000.0,513900.0,473300.0,444600.0,466100.0,487200.0,459700.0,427300.0,466500.0,481100.0,469300.0,416400.0,463200.0,481500.0,453300.0
"Hours worked","Self employed","B-E. Mining and quarrying; manufacturing; electricity, gas, steam and air conditioning supply; water supply; sewerage, waste management and remediation activities",109800.0,111100.0,103700.0,111700.0,97600.0,79300.0,84800.0,96900.0,86600.0,73600.0,78500.0,85400.0,88500.0,78800.0,78500.0,91400.0,87400.0,81400.0,80000.0,86900.0,87400.0,78600.0,75800.0,91300.0,102100.0,76800.0,80900.0,90900.0,90800.0,77100.0,89400.0,92100.0,84100.0,79300.0,86700.0,90400.0,80500.0,69300.0,75500.0,81400.0,75700.0,67200.0,69300.0,74800.0,73400.0,64100.0,64800.0,75100.0,72500.0,59400.0
"Hours worked","Self employed","C. Manufacturing",109500.0,110900.0,103500.0,111500.0,96400.0,78200.0,83500.0,95500.0,85100.0,72300.0,77100.0,83800.0,87400.0,77700.0,77100.0,89800.0,86100.0,80100.0,78800.0,85600.0,86300.0,77600.0,74800.0,90200.0,100700.0,75800.0,79600.0,89600.0,89600.0,76200.0,88300.0,91100.0,83100.0,77900.0,84700.0,88300.0,78600.0,67800.0,73900.0,79500.0,74300.0,66000.0,68000.0,73400.0,71700.0,62700.0,63500.0,73400.0,70700.0,57800.0
"Hours worked","Self employed","F. Construction",515600.0,500500.0,461300.0,571000.0,382100.0,346700.0,395700.0,388200.0,321100.0,340500.0,332800.0,384600.0,351700.0,350300.0,402700.0,409400.0,369300.0,380300.0,397400.0,431700.0,406100.0,415400.0,452100.0,414100.0,436700.0,389800.0,405700.0,492000.0,404000.0,377400.0,410900.0,520700.0,467200.0,422500.0,447500.0,470300.0,438500.0,403900.0,449300.0,468200.0,427600.0,390900.0,390600.0,443200.0,433000.0,360700.0,360700.0,412900.0,417000.0,373300.0
"Hours worked","Self employed","G-I. Wholesale and retail trade; repair of motor vehicles and motorcycles; transportation and storage; accommodation and food service activities",420900.0,440000.0,375000.0,459600.0,378100.0,339400.0,374500.0,376000.0,366100.0,345600.0,322000.0,384200.0,384700.0,350900.0,320000.0,401500.0,389200.0,389200.0,339000.0,389800.0,407900.0,370000.0,357200.0,392600.0,419700.0,374400.0,339700.0,406800.0,403700.0,377500.0,359800.0,400700.0,389800.0,386100.0,381300.0,409800.0,405600.0,388000.0,364300.0,389300.0,386100.0,360800.0,376400.0,368900.0,351300.0,373200.0,349000.0,372200.0,374000.0,331300.0
"Hours worked","Self employed","J. Information and communication",104300.0,98700.0,98100.0,112100.0,101200.0,89600.0,95600.0,108800.0,116500.0,92800.0,98900.0,102900.0,129600.0,93700.0,96600.0,108200.0,128100.0,124400.0,125000.0,138500.0,138800.0,123400.0,116800.0,129700.0,155000.0,120300.0,124800.0,142200.0,143300.0,118500.0,124100.0,135300.0,120000.0,111700.0,118800.0,125000.0,113800.0,100800.0,104400.0,107400.0,116400.0,106500.0,101600.0,111800.0,119300.0,104800.0,103600.0,115800.0,120300.0,86500.0
"Hours worked","Self employed","K. Financial and insurance activities",19000.0,17800.0,17500.0,18600.0,17800.0,15800.0,17400.0,18400.0,22000.0,19300.0,20400.0,21500.0,25600.0,17100.0,19400.0,20600.0,19100.0,16500.0,17700.0,18100.0,19600.0,17200.0,16400.0,17400.0,19600.0,15100.0,16000.0,17000.0,18700.0,16100.0,16800.0,18100.0,16900.0,14900.0,15000.0,15800.0,14100.0,11800.0,12300.0,13000.0,14700.0,13500.0,14100.0,15000.0,12200.0,10200.0,10000.0,11800.0,11800.0,8800.0
"Hours worked","Self employed","M-N. Professional, scientific and technical activities; administrative and support service activities",357100.0,377200.0,351800.0,390200.0,355000.0,300900.0,330800.0,371900.0,355300.0,293500.0,294200.0,324900.0,371100.0,283500.0,286700.0,368500.0,362100.0,328500.0,323700.0,377300.0,380100.0,326200.0,329600.0,370800.0,420900.0,315100.0,332200.0,363700.0,382400.0,321000.0,353400.0,377100.0,346100.0,326600.0,379300.0,395200.0,358600.0,323700.0,355000.0,343700.0,367600.0,327000.0,327400.0,353900.0,337700.0,300700.0,338900.0,359900.0,359300.0,285600.0
"Hours worked","Self employed","O-Q. Public administration and defence; compulsory social security; education; human health and social work activities",513700.0,501400.0,464100.0,523200.0,534500.0,457500.0,453100.0,524000.0,466600.0,483700.0,422900.0,481800.0,484100.0,513600.0,419600.0,483000.0,498300.0,483400.0,445400.0,499300.0,533300.0,483200.0,438900.0,477000.0,584100.0,471700.0,444600.0,507300.0,552300.0,482700.0,475900.0,540800.0,519300.0,480200.0,493700.0,555200.0,537200.0,490300.0,483500.0,515300.0,531300.0,480800.0,485000.0,538300.0,561000.0,545000.0,485300.0,581300.0,554200.0,551600.0
"Hours worked","Self employed","R-U. Arts, entertainment and recreation; other service activities; activities of household and extra-territorial organizations and bodies",371500.0,340700.0,319200.0,394000.0,393900.0,321800.0,324200.0,358100.0,378100.0,292400.0,320600.0,363800.0,381900.0,323600.0,324700.0,382400.0,374600.0,327600.0,315300.0,363100.0,362700.0,312800.0,319100.0,345000.0,362200.0,290500.0,306300.0,362900.0,365300.0,299600.0,312000.0,314800.0,317900.0,290200.0,316900.0,318300.0,328000.0,297500.0,319900.0,344700.0,344700.0,314400.0,313500.0,348200.0,370200.0,319000.0,319900.0,335800.0,346400.0,276700.0
"Hours worked","Self employed","Total - All activities",2970200.0,2917200.0,2679500.0,3121100.0,2825600.0,2492500.0,2586000.0,2795600.0,2660700.0,2465500.0,2391600.0,2679500.0,2786000.0,2552500.0,2485700.0,2850000.0,2845000.0,2782200.0,2606800.0,2901900.0,2973300.0,2720300.0,2647900.0,2819500.0,3153400.0,2625800.0,2585600.0,2967100.0,2955800.0,2639700.0,2674800.0,2985400.0,2829600.0,2651200.0,2758000.0,2924300.0,2819300.0,2583400.0,2635000.0,2768500.0,2786400.0,2549800.0,2529100.0,2747600.0,2770700.0,2574100.0,2476100.0,2760500.0,2769500.0,2453900.0
"Persons","Total employment","A. Agriculture, forestry and fishing",7500.0,7900.0,7600.0,7800.0,7500.0,8300.0,8100.0,8000.0,7500.0,8200.0,8300.0,8000.0,7600.0,8300.0,8400.0,8200.0,7800.0,8500.0,8400.0,8200.0,7700.0,8300.0,8400.0,8100.0,7600.0,8000.0,8100.0,7900.0,7400.0,7900.0,8100.0,7900.0,7300.0,7800.0,7700.0,7500.0,6300.0,7400.0,7400.0,7200.0,6900.0,7400.0,7600.0,7300.0,6800.0,7300.0,7400.0,7100.0,6700.0,7100.0
"Persons","Total employment","B-E. Mining and quarrying; manufacturing; electricity, gas, steam and air conditioning supply; water supply; sewerage, waste management and remediation activities",23500.0,24300.0,24000.0,23000.0,21400.0,22300.0,22600.0,22000.0,21300.0,22400.0,22800.0,22100.0,21400.0,23000.0,23700.0,22900.0,22100.0,23600.0,24200.0,23200.0,22700.0,24000.0,24700.0,23800.0,23300.0,24400.0,24900.0,23900.0,23200.0,24600.0,25100.0,24400.0,23900.0,25000.0,25600.0,24800.0,23500.0,24900.0,25500.0,24700.0,24200.0,25300.0,25700.0,24900.0,23900.0,24900.0,25300.0,24400.0,23500.0,23800.0
"Persons","Total employment","C. Manufacturing",21100.0,21700.0,21100.0,20600.0,19100.0,19800.0,19800.0,19700.0,19100.0,19900.0,20100.0,19800.0,19200.0,20500.0,21100.0,20600.0,19900.0,21100.0,21600.0,20900.0,20400.0,21500.0,22100.0,21600.0,21000.0,21900.0,22300.0,21600.0,20900.0,22100.0,22400.0,21900.0,21500.0,22400.0,22800.0,22300.0,21100.0,22200.0,22600.0,22100.0,21600.0,22500.0,22800.0,22300.0,21300.0,22000.0,22300.0,21700.0,20700.0,21000.0
"Persons","Total employment","F. Construction",16900.0,17600.0,17100.0,14500.0,10600.0,10500.0,10800.0,9900.0,8500.0,9000.0,9300.0,8700.0,7900.0,8500.0,8800.0,8300.0,7600.0,8400.0,8800.0,8500.0,8200.0,8900.0,9300.0,9100.0,8700.0,9400.0,9800.0,9700.0,9300.0,10200.0,10600.0,10500.0,10400.0,11600.0,12300.0,12300.0,12200.0,13400.0,14200.0,14100.0,13900.0,14800.0,15000.0,15000.0,14500.0,15300.0,15400.0,14700.0,13700.0,13900.0
"Persons","Total employment","G-I. Wholesale and retail trade; repair of motor vehicles and motorcycles; transportation and storage; accommodation and food service activities",42200.0,43200.0,43200.0,40100.0,36700.0,37500.0,38800.0,37800.0,36200.0,38100.0,39300.0,38100.0,36600.0,39300.0,41000.0,39600.0,38200.0,41100.0,43100.0,41300.0,40100.0,42700.0,44700.0,42900.0,41800.0,44700.0,46700.0,44800.0,43600.0,47100.0,49600.0,48100.0,47600.0,51400.0,54500.0,53100.0,51900.0,55700.0,58100.0,56000.0,54200.0,57200.0,58700.0,56300.0,53100.0,54600.0,55600.0,53000.0,50300.0,46800.0
"Persons","Total employment","J. Information and communication",7900.0,7900.0,7800.0,7600.0,7400.0,7200.0,7100.0,7300.0,7200.0,7200.0,7100.0,7300.0,7400.0,7400.0,7300.0,7300.0,7300.0,7300.0,7400.0,7400.0,7500.0,7500.0,7600.0,7700.0,7700.0,7700.0,7700.0,7700.0,7700.0,7800.0,7900.0,8000.0,8100.0,8100.0,8000.0,8100.0,8100.0,8000.0,7900.0,8000.0,7900.0,7900.0,7800.0,7800.0,8100.0,8100.0,8000.0,8100.0,8100.0,7800.0
"Persons","Total employment","K. Financial and insurance activities",8000.0,8300.0,8200.0,7600.0,7100.0,7000.0,7000.0,6800.0,6600.0,6800.0,6900.0,6600.0,6500.0,6900.0,6900.0,6600.0,6500.0,6700.0,6800.0,6400.0,6300.0,6500.0,6600.0,6300.0,6200.0,6300.0,6300.0,6000.0,5800.0,6000.0,6100.0,5800.0,5700.0,5900.0,6100.0,5800.0,5600.0,5900.0,5900.0,5700.0,5600.0,5800.0,5900.0,5600.0,5500.0,5700.0,5700.0,5400.0,5400.0,5500.0
"Persons","Total employment","M-N. Professional, scientific and technical activities; administrative and support service activities",12900.0,13800.0,14100.0,12700.0,11800.0,12100.0,12300.0,11700.0,11200.0,11900.0,12400.0,11900.0,11700.0,12500.0,13000.0,12400.0,12200.0,13100.0,13700.0,13000.0,12800.0,13700.0,14100.0,13400.0,13400.0,14200.0,14800.0,14200.0,14000.0,15100.0,15900.0,15300.0,15300.0,16900.0,18300.0,17700.0,17600.0,19200.0,20300.0,19000.0,18400.0,19900.0,20900.0,19500.0,18600.0,19600.0,20400.0,18900.0,18000.0,17300.0
"Persons","Total employment","O-Q. Public administration and defence; compulsory social security; education; human health and social work activities",47600.0,51700.0,54800.0,50300.0,49300.0,53100.0,55300.0,49000.0,48300.0,52200.0,54700.0,49000.0,48300.0,52700.0,53700.0,48600.0,48400.0,51800.0,53700.0,49600.0,49300.0,52900.0,54200.0,50200.0,50200.0,53500.0,55100.0,51000.0,50800.0,53100.0,55300.0,52800.0,51100.0,53500.0,54500.0,52000.0,51700.0,54300.0,55400.0,53200.0,53700.0,56200.0,57400.0,54800.0,54700.0,57800.0,60300.0,56700.0,57500.0,63000.0
"Persons","Total employment","R-U. Arts, entertainment and recreation; other service activities; activities of household and extra-territorial organizations and bodies",8000.0,8300.0,8400.0,8200.0,8100.0,8400.0,8500.0,8300.0,8100.0,8400.0,8600.0,8400.0,8200.0,8500.0,8600.0,8400.0,8300.0,8500.0,8500.0,8300.0,8300.0,8500.0,8600.0,8400.0,8500.0,8700.0,8800.0,8700.0,8600.0,9000.0,8900.0,8700.0,8600.0,8800.0,8900.0,8800.0,8800.0,9000.0,9100.0,9100.0,9100.0,9400.0,9500.0,9500.0,9500.0,9800.0,9800.0,9700.0,9800.0,9400.0
"Persons","Total employment","Total - All activities",175800.0,184100.0,186500.0,172900.0,160600.0,167200.0,171500.0,161900.0,156000.0,165100.0,170400.0,161100.0,156600.0,168100.0,172300.0,163200.0,159500.0,170100.0,175700.0,167100.0,163900.0,174100.0,179400.0,171000.0,168500.0,178100.0,183400.0,175100.0,171800.0,182100.0,188900.0,182700.0,179200.0,190300.0,197300.0,191400.0,187100.0,199300.0,205400.0,198700.0,195400.0,205500.0,210200.0,202600.0,196300.0,204600.0,209400.0,199700.0,194400.0,196000.0
"Persons","Employees","A. Agriculture, forestry and fishing",5300.0,5700.0,5400.0,5600.0,5300.0,6000.0,5800.0,5800.0,5400.0,6000.0,6100.0,5900.0,5500.0,6200.0,6100.0,6000.0,5600.0,6200.0,6100.0,6000.0,5500.0,6100.0,6200.0,6000.0,5400.0,5900.0,6000.0,5700.0,5300.0,5800.0,6000.0,5800.0,5300.0,5800.0,5600.0,5500.0,4400.0,5600.0,5600.0,5400.0,5100.0,5600.0,5700.0,5500.0,5000.0,5400.0,5500.0,5300.0,4900.0,5200.0
"Persons","Employees","B-E. Mining and quarrying; manufacturing; electricity, gas, steam and air conditioning supply; water supply; sewerage, waste management and remediation activities",23100.0,23900.0,23600.0,22600.0,21100.0,22000.0,22300.0,21700.0,21000.0,22100.0,22500.0,21800.0,21100.0,22700.0,23400.0,22500.0,21800.0,23300.0,23900.0,22900.0,22400.0,23700.0,24400.0,23500.0,23000.0,24100.0,24600.0,23600.0,22900.0,24300.0,24800.0,24000.0,23600.0,24700.0,25300.0,24500.0,23200.0,24600.0,25200.0,24400.0,23900.0,25000.0,25500.0,24700.0,23600.0,24600.0,25000.0,24100.0,23200.0,23600.0
"Persons","Employees","C. Manufacturing",20800.0,21300.0,20800.0,20200.0,18800.0,19500.0,19500.0,19400.0,18800.0,19600.0,19800.0,19500.0,18900.0,20200.0,20700.0,20300.0,19600.0,20800.0,21300.0,20600.0,20100.0,21200.0,21800.0,21200.0,20700.0,21600.0,22000.0,21300.0,20600.0,21800.0,22100.0,21500.0,21200.0,22100.0,22500.0,22000.0,20800.0,21900.0,22300.0,21800.0,21300.0,22200.0,22500.0,22000.0,21000.0,21800.0,22000.0,21400.0,20500.0,20700.0
"Persons","Employees","F. Construction",15400.0,16100.0,15600.0,13000.0,9200.0,9100.0,9400.0,8500.0,7200.0,7700.0,7900.0,7400.0,6500.0,7100.0,7400.0,6900.0,6200.0,7000.0,7400.0,7100.0,6800.0,7400.0,7800.0,7600.0,7200.0,8000.0,8400.0,8200.0,7900.0,8800.0,9200.0,9100.0,9000.0,10200.0,10800.0,10900.0,10900.0,12100.0,12800.0,12800.0,12600.0,13500.0,13700.0,13700.0,13200.0,14000.0,14100.0,13400.0,12400.0,12600.0
"Persons","Employees","G-I. Wholesale and retail trade; repair of motor vehicles and motorcycles; transportation and storage; accommodation and food service activities",40800.0,41800.0,41800.0,38700.0,35300.0,36100.0,37400.0,36400.0,34900.0,36700.0,38000.0,36700.0,35300.0,38000.0,39700.0,38200.0,36800.0,39600.0,41700.0,39900.0,38700.0,41300.0,43300.0,41500.0,40400.0,43300.0,45300.0,43400.0,42300.0,45800.0,48200.0,46700.0,46200.0,50100.0,53100.0,51600.0,50600.0,54400.0,56700.0,54700.0,52900.0,55900.0,57400.0,55000.0,51700.0,53200.0,54200.0,51600.0,48900.0,45400.0
"Persons","Employees","J. Information and communication",7600.0,7600.0,7400.0,7300.0,7000.0,6800.0,6800.0,6900.0,6900.0,6800.0,6800.0,7000.0,7000.0,7100.0,6900.0,7000.0,6900.0,6900.0,6900.0,7000.0,7000.0,7100.0,7100.0,7300.0,7200.0,7200.0,7200.0,7300.0,7300.0,7400.0,7400.0,7500.0,7600.0,7700.0,7600.0,7700.0,7600.0,7600.0,7500.0,7600.0,7500.0,7500.0,7400.0,7500.0,7800.0,7700.0,7600.0,7700.0,7600.0,7400.0
"Persons","Employees","K. Financial and insurance activities",8000.0,8200.0,8200.0,7600.0,7000.0,7000.0,7000.0,6800.0,6600.0,6800.0,6900.0,6600.0,6500.0,6800.0,6900.0,6600.0,6500.0,6700.0,6700.0,6300.0,6300.0,6400.0,6500.0,6200.0,6100.0,6200.0,6300.0,5900.0,5800.0,6000.0,6000.0,5700.0,5700.0,5900.0,6000.0,5700.0,5600.0,5800.0,5900.0,5600.0,5600.0,5800.0,5800.0,5600.0,5500.0,5600.0,5600.0,5400.0,5300.0,5400.0
"Persons","Employees","M-N. Professional, scientific and technical activities; administrative and support service activities",11800.0,12700.0,13000.0,11600.0,10600.0,10900.0,11100.0,10500.0,10100.0,10800.0,11200.0,10800.0,10500.0,11400.0,11800.0,11200.0,11000.0,11900.0,12500.0,11700.0,11500.0,12400.0,12900.0,12100.0,12000.0,13000.0,13600.0,12900.0,12800.0,13900.0,14700.0,14000.0,14000.0,15700.0,17000.0,16400.0,16300.0,18000.0,19000.0,17800.0,17200.0,18700.0,19600.0,18300.0,17300.0,18300.0,19000.0,17600.0,16700.0,16000.0
"Persons","Employees","O-Q. Public administration and defence; compulsory social security; education; human health and social work activities",46200.0,50200.0,53400.0,48800.0,47800.0,51700.0,53800.0,47500.0,46900.0,50700.0,53200.0,47600.0,46800.0,51200.0,52200.0,47100.0,46800.0,50200.0,52100.0,48000.0,47700.0,51300.0,52700.0,48600.0,48500.0,51900.0,53500.0,49300.0,49100.0,51500.0,53700.0,51100.0,49400.0,51900.0,52900.0,50300.0,50100.0,52700.0,53800.0,51600.0,52100.0,54600.0,55800.0,53200.0,53000.0,56100.0,58600.0,55000.0,55800.0,61200.0
"Persons","Employees","R-U. Arts, entertainment and recreation; other service activities; activities of household and extra-territorial organizations and bodies",6600.0,6900.0,7000.0,6800.0,6600.0,6900.0,7000.0,6800.0,6600.0,7000.0,7100.0,6800.0,6600.0,7000.0,7000.0,6800.0,6700.0,7000.0,7000.0,6800.0,6800.0,7100.0,7100.0,6900.0,7000.0,7200.0,7300.0,7200.0,7100.0,7500.0,7400.0,7300.0,7200.0,7400.0,7400.0,7300.0,7400.0,7700.0,7700.0,7600.0,7600.0,7900.0,8000.0,8000.0,8000.0,8200.0,8300.0,8100.0,8200.0,7700.0
"Persons","Employees","Total - All activities",166100.0,174400.0,176700.0,163000.0,150800.0,157400.0,161400.0,151800.0,146300.0,155400.0,160700.0,151400.0,146600.0,158300.0,162400.0,153200.0,149300.0,159700.0,165500.0,156700.0,153600.0,164000.0,169200.0,160900.0,157900.0,168000.0,173300.0,164700.0,161600.0,172100.0,178700.0,172400.0,169200.0,180500.0,187000.0,181300.0,177500.0,189800.0,195700.0,189000.0,185800.0,195900.0,200600.0,192900.0,186500.0,194600.0,199400.0,189600.0,184300.0,185900.0
"Persons","Self employed","A. Agriculture, forestry and fishing",2200.0,2200.0,2200.0,2100.0,2200.0,2200.0,2300.0,2200.0,2100.0,2200.0,2200.0,2100.0,2100.0,2200.0,2200.0,2100.0,2200.0,2300.0,2300.0,2200.0,2200.0,2200.0,2200.0,2100.0,2200.0,2100.0,2100.0,2100.0,2000.0,2100.0,2100.0,2000.0,2000.0,2000.0,2100.0,2000.0,1900.0,1800.0,1800.0,1800.0,1900.0,1900.0,1900.0,1900.0,1900.0,1900.0,1900.0,1900.0,1900.0,1900.0
"Persons","Self employed","B-E. Mining and quarrying; manufacturing; electricity, gas, steam and air conditioning supply; water supply; sewerage, waste management and remediation activities",300.0,400.0,300.0,300.0,300.0,300.0,300.0,300.0,300.0,300.0,300.0,300.0,300.0,300.0,300.0,300.0,300.0,300.0,300.0,300.0,300.0,300.0,300.0,300.0,300.0,300.0,300.0,300.0,300.0,300.0,300.0,300.0,300.0,300.0,300.0,300.0,300.0,300.0,300.0,300.0,300.0,300.0,300.0,300.0,300.0,300.0,300.0,300.0,300.0,300.0
"Persons","Self employed","C. Manufacturing",300.0,400.0,300.0,300.0,300.0,300.0,300.0,300.0,300.0,300.0,300.0,300.0,300.0,300.0,300.0,300.0,300.0,300.0,300.0,300.0,300.0,300.0,300.0,300.0,300.0,300.0,300.0,300.0,300.0,300.0,300.0,300.0,300.0,300.0,300.0,300.0,300.0,300.0,300.0,300.0,300.0,300.0,300.0,300.0,300.0,300.0,300.0,300.0,300.0,300.0
"Persons","Self employed","F. Construction",1500.0,1500.0,1500.0,1500.0,1300.0,1400.0,1400.0,1400.0,1300.0,1300.0,1300.0,1300.0,1400.0,1400.0,1400.0,1400.0,1400.0,1400.0,1400.0,1400.0,1400.0,1400.0,1500.0,1400.0,1400.0,1400.0,1400.0,1400.0,1400.0,1400.0,1400.0,1400.0,1400.0,1400.0,1400.0,1400.0,1300.0,1300.0,1300.0,1300.0,1300.0,1300.0,1300.0,1300.0,1300.0,1300.0,1300.0,1300.0,1300.0,1300.0
"Persons","Self employed","G-I. Wholesale and retail trade; repair of motor vehicles and motorcycles; transportation and storage; accommodation and food service activities",1400.0,1400.0,1400.0,1500.0,1400.0,1400.0,1400.0,1400.0,1300.0,1300.0,1300.0,1300.0,1400.0,1300.0,1300.0,1400.0,1400.0,1400.0,1400.0,1400.0,1400.0,1400.0,1400.0,1400.0,1400.0,1400.0,1400.0,1400.0,1300.0,1300.0,1400.0,1400.0,1300.0,1400.0,1400.0,1400.0,1300.0,1300.0,1300.0,1400.0,1300.0,1300.0,1300.0,1300.0,1300.0,1400.0,1400.0,1400.0,1400.0,1300.0
"Persons","Self employed","J. Information and communication",300.0,300.0,300.0,400.0,300.0,300.0,400.0,400.0,400.0,400.0,400.0,400.0,400.0,300.0,400.0,400.0,400.0,400.0,400.0,400.0,400.0,400.0,400.0,400.0,500.0,500.0,500.0,500.0,500.0,400.0,400.0,500.0,400.0,400.0,400.0,400.0,400.0,400.0,400.0,400.0,400.0,400.0,400.0,400.0,400.0,400.0,400.0,400.0,400.0,400.0
"Persons","Self employed","K. Financial and insurance activities",100.0,100.0,100.0,100.0,0.0,100.0,100.0,100.0,100.0,100.0,100.0,100.0,100.0,100.0,100.0,100.0,100.0,100.0,100.0,0.0,100.0,100.0,100.0,100.0,100.0,100.0,100.0,100.0,100.0,100.0,100.0,100.0,100.0,100.0,0.0,0.0,100.0,0.0,0.0,0.0,0.0,0.0,100.0,100.0,100.0,0.0,100.0,100.0,0.0,0.0
"Persons","Self employed","M-N. Professional, scientific and technical activities; administrative and support service activities",1100.0,1100.0,1100.0,1100.0,1200.0,1200.0,1200.0,1200.0,1200.0,1100.0,1100.0,1100.0,1200.0,1100.0,1100.0,1200.0,1200.0,1200.0,1200.0,1300.0,1300.0,1200.0,1200.0,1300.0,1300.0,1200.0,1200.0,1300.0,1300.0,1200.0,1300.0,1300.0,1300.0,1200.0,1300.0,1300.0,1200.0,1200.0,1300.0,1200.0,1200.0,1200.0,1300.0,1200.0,1200.0,1300.0,1300.0,1300.0,1300.0,1300.0
"Persons","Self employed","O-Q. Public administration and defence; compulsory social security; education; human health and social work activities",1400.0,1400.0,1400.0,1400.0,1500.0,1400.0,1500.0,1500.0,1500.0,1500.0,1500.0,1500.0,1500.0,1500.0,1500.0,1500.0,1600.0,1600.0,1500.0,1600.0,1600.0,1600.0,1600.0,1600.0,1700.0,1600.0,1600.0,1700.0,1700.0,1600.0,1700.0,1700.0,1700.0,1600.0,1700.0,1700.0,1600.0,1600.0,1600.0,1600.0,1600.0,1600.0,1600.0,1600.0,1700.0,1700.0,1700.0,1700.0,1700.0,1700.0
"Persons","Self employed","R-U. Arts, entertainment and recreation; other service activities; activities of household and extra-territorial organizations and bodies",1400.0,1400.0,1400.0,1400.0,1500.0,1500.0,1500.0,1500.0,1500.0,1400.0,1500.0,1500.0,1600.0,1500.0,1500.0,1600.0,1500.0,1500.0,1500.0,1600.0,1500.0,1500.0,1500.0,1500.0,1500.0,1500.0,1500.0,1600.0,1500.0,1500.0,1500.0,1500.0,1400.0,1400.0,1500.0,1500.0,1400.0,1400.0,1400.0,1500.0,1400.0,1400.0,1500.0,1500.0,1600.0,1600.0,1600.0,1600.0,1600.0,1600.0
"Persons","Self employed","Total - All activities",9700.0,9700.0,9800.0,9900.0,9800.0,9800.0,10100.0,10100.0,9600.0,9700.0,9700.0,9700.0,10000.0,9800.0,9900.0,10000.0,10200.0,10400.0,10200.0,10300.0,10300.0,10100.0,10200.0,10100.0,10500.0,10100.0,10200.0,10400.0,10100.0,10000.0,10200.0,10300.0,10000.0,9900.0,10300.0,10100.0,9600.0,9500.0,9700.0,9600.0,9600.0,9500.0,9600.0,9700.0,9800.0,9900.0,10100.0,10100.0,10100.0,10100.0
"Jobs","Total employment","A. Agriculture, forestry and fishing",8500.0,9000.0,8600.0,8800.0,8400.0,9300.0,9200.0,9100.0,8400.0,9200.0,9400.0,9000.0,8500.0,9400.0,9400.0,9200.0,8800.0,9600.0,9600.0,9200.0,8800.0,9400.0,9500.0,9100.0,8600.0,9100.0,9200.0,8900.0,8300.0,8900.0,9200.0,8900.0,8200.0,8800.0,8800.0,8500.0,7200.0,8400.0,8400.0,8200.0,7900.0,8500.0,8600.0,8300.0,7800.0,8400.0,8500.0,8200.0,7700.0,8000.0
"Jobs","Total employment","B-E. Mining and quarrying; manufacturing; electricity, gas, steam and air conditioning supply; water supply; sewerage, waste management and remediation activities",24800.0,25900.0,25600.0,24300.0,22500.0,23700.0,24100.0,23300.0,22300.0,23700.0,24200.0,23300.0,22400.0,24400.0,25200.0,24200.0,23200.0,25000.0,25800.0,24600.0,23800.0,25400.0,26200.0,25100.0,24500.0,25900.0,26400.0,25300.0,24400.0,26200.0,26700.0,25800.0,25100.0,26600.0,27200.0,26300.0,24800.0,26500.0,27100.0,26100.0,25400.0,26900.0,27300.0,26300.0,25000.0,26300.0,26800.0,25700.0,24600.0,25100.0
"Jobs","Total employment","C. Manufacturing",22300.0,23000.0,22500.0,21700.0,20000.0,20900.0,21100.0,20800.0,19900.0,21000.0,21300.0,20800.0,20000.0,21700.0,22300.0,21700.0,20800.0,22400.0,23000.0,22100.0,21400.0,22800.0,23400.0,22700.0,22100.0,23200.0,23600.0,22700.0,21900.0,23500.0,23800.0,23100.0,22600.0,23800.0,24300.0,23600.0,22200.0,23700.0,24000.0,23300.0,22700.0,23900.0,24100.0,23500.0,22300.0,23300.0,23600.0,22900.0,21700.0,22000.0
"Jobs","Total employment","F. Construction",17800.0,18700.0,18200.0,15400.0,11200.0,11100.0,11600.0,10600.0,9100.0,9800.0,10000.0,9400.0,8500.0,9200.0,9500.0,9000.0,8200.0,9200.0,9700.0,9300.0,8900.0,9700.0,10200.0,9800.0,9400.0,10200.0,10700.0,10500.0,10100.0,11100.0,11600.0,11400.0,11200.0,12500.0,13300.0,13300.0,13100.0,14400.0,15200.0,15200.0,14800.0,15800.0,16100.0,16100.0,15400.0,16300.0,16400.0,15800.0,14600.0,14900.0
"Jobs","Total employment","G-I. Wholesale and retail trade; repair of motor vehicles and motorcycles; transportation and storage; accommodation and food service activities",46800.0,49100.0,48900.0,44600.0,40000.0,41800.0,43600.0,41700.0,39500.0,42500.0,44100.0,42000.0,40000.0,44100.0,46100.0,43800.0,41900.0,46100.0,48400.0,45800.0,44000.0,47900.0,50200.0,47500.0,46000.0,50300.0,52600.0,49800.0,48200.0,53600.0,56200.0,54000.0,52800.0,58500.0,61700.0,59700.0,57600.0,63200.0,65500.0,62800.0,59900.0,64600.0,66200.0,63100.0,59000.0,61800.0,62900.0,59500.0,55500.0,51600.0
"Jobs","Total employment","J. Information and communication",9000.0,9100.0,9000.0,8600.0,8200.0,8100.0,8200.0,8200.0,8100.0,8100.0,8200.0,8200.0,8300.0,8500.0,8400.0,8300.0,8200.0,8400.0,8500.0,8400.0,8400.0,8600.0,8700.0,8800.0,8700.0,8800.0,8800.0,8800.0,8700.0,8900.0,9000.0,9100.0,9000.0,9100.0,9200.0,9200.0,9000.0,9100.0,9100.0,9100.0,8800.0,9000.0,8900.0,8800.0,9000.0,9000.0,9000.0,9000.0,8900.0,8700.0
"Jobs","Total employment","K. Financial and insurance activities",8700.0,9000.0,8900.0,8900.0,7800.0,7800.0,7700.0,8100.0,7600.0,7900.0,7900.0,7600.0,7100.0,7600.0,7500.0,7300.0,7100.0,7400.0,7400.0,7000.0,6900.0,7200.0,7200.0,6900.0,6800.0,7000.0,7000.0,6700.0,6500.0,6700.0,6700.0,6400.0,6400.0,6700.0,6700.0,6500.0,6300.0,6500.0,6600.0,6300.0,6200.0,6500.0,6500.0,6300.0,6100.0,6400.0,6300.0,6100.0,6000.0,6100.0
"Jobs","Total employment","M-N. Professional, scientific and technical activities; administrative and support service activities",15600.0,16800.0,17100.0,15400.0,14000.0,14500.0,14800.0,14300.0,13400.0,14300.0,14900.0,14200.0,13900.0,15000.0,15500.0,14900.0,14500.0,15800.0,16400.0,15600.0,15200.0,16400.0,16800.0,16000.0,16000.0,17100.0,17700.0,16900.0,16600.0,18100.0,19000.0,18300.0,17900.0,20000.0,21600.0,21100.0,20500.0,22600.0,23700.0,22300.0,21500.0,23300.0,24200.0,23000.0,21600.0,23000.0,23800.0,22300.0,21000.0,20200.0
"Jobs","Total employment","O-Q. Public administration and defence; compulsory social security; education; human health and social work activities",55700.0,61800.0,63700.0,59800.0,57200.0,62400.0,63600.0,57900.0,56000.0,61500.0,62900.0,58100.0,55700.0,62500.0,61900.0,57100.0,55800.0,60500.0,62100.0,58200.0,56900.0,62000.0,62200.0,58600.0,58100.0,63200.0,63800.0,59900.0,58700.0,62400.0,64500.0,63100.0,59200.0,62600.0,63200.0,61400.0,59700.0,63500.0,63600.0,62500.0,62400.0,66100.0,65700.0,64100.0,63300.0,67900.0,69700.0,66500.0,66600.0,72900.0
"Jobs","Total employment","R-U. Arts, entertainment and recreation; other service activities; activities of household and extra-territorial organizations and bodies",10900.0,11500.0,11300.0,11300.0,10800.0,11300.0,11200.0,11500.0,10800.0,11400.0,11400.0,11500.0,10900.0,11600.0,11300.0,11500.0,11100.0,11700.0,11300.0,11500.0,11100.0,11700.0,11500.0,11600.0,11400.0,12000.0,11800.0,12100.0,11600.0,12600.0,12100.0,13600.0,11700.0,12200.0,12100.0,12200.0,11800.0,12600.0,12300.0,12600.0,12300.0,13000.0,12700.0,13200.0,12800.0,13600.0,13200.0,13300.0,12900.0,12600.0
"Jobs","Total employment","Total - All activities",199600.0,212600.0,212800.0,198600.0,181400.0,191400.0,195200.0,185900.0,176400.0,189600.0,194100.0,184700.0,176400.0,193500.0,196300.0,186700.0,180100.0,195200.0,200500.0,191100.0,185400.0,199800.0,204000.0,195000.0,191200.0,205100.0,209500.0,200500.0,194600.0,210200.0,216700.0,212300.0,203200.0,218600.0,225700.0,220000.0,211700.0,228800.0,233400.0,227100.0,221200.0,235700.0,238300.0,231300.0,222100.0,234700.0,238600.0,228700.0,219600.0,221900.0
"Jobs","Employees","A. Agriculture, forestry and fishing",5600.0,6100.0,5700.0,6000.0,5600.0,6400.0,6200.0,6200.0,5600.0,6400.0,6500.0,6300.0,5700.0,6600.0,6600.0,6400.0,5900.0,6600.0,6600.0,6300.0,5800.0,6500.0,6700.0,6400.0,5700.0,6300.0,6400.0,6100.0,5600.0,6200.0,6500.0,6200.0,5600.0,6100.0,6100.0,5800.0,4700.0,6000.0,6000.0,5800.0,5400.0,6000.0,6100.0,5800.0,5300.0,5800.0,6000.0,5700.0,5100.0,5500.0
"Jobs","Employees","B-E. Mining and quarrying; manufacturing; electricity, gas, steam and air conditioning supply; water supply; sewerage, waste management and remediation activities",24200.0,25300.0,25000.0,23800.0,21900.0,23100.0,23500.0,22700.0,21900.0,23200.0,23700.0,22800.0,21900.0,23900.0,24700.0,23600.0,22700.0,24500.0,25300.0,24000.0,23300.0,24900.0,25700.0,24600.0,24000.0,25400.0,25900.0,24700.0,23900.0,25700.0,26200.0,25300.0,24700.0,26100.0,26700.0,25700.0,24300.0,26000.0,26600.0,25600.0,24900.0,26400.0,26800.0,25900.0,24600.0,25900.0,26400.0,25300.0,24100.0,24600.0
"Jobs","Employees","C. Manufacturing",21700.0,22500.0,21900.0,21100.0,19500.0,20400.0,20500.0,20200.0,19500.0,20500.0,20800.0,20400.0,19500.0,21200.0,21800.0,21200.0,20300.0,21800.0,22400.0,21600.0,20900.0,22300.0,22900.0,22200.0,21500.0,22700.0,23100.0,22200.0,21400.0,23000.0,23300.0,22600.0,22100.0,23300.0,23700.0,23100.0,21700.0,23200.0,23500.0,22900.0,22200.0,23400.0,23600.0,23000.0,21900.0,22900.0,23200.0,22400.0,21200.0,21600.0
"Jobs","Employees","F. Construction",15900.0,16700.0,16200.0,13400.0,9500.0,9400.0,9800.0,8800.0,7400.0,8000.0,8300.0,7700.0,6700.0,7400.0,7700.0,7200.0,6400.0,7300.0,7700.0,7400.0,7000.0,7800.0,8200.0,8000.0,7500.0,8400.0,8800.0,8600.0,8200.0,9200.0,9600.0,9500.0,9400.0,10700.0,11300.0,11400.0,11300.0,12600.0,13400.0,13300.0,13000.0,14000.0,14300.0,14200.0,13700.0,14500.0,14700.0,14000.0,12800.0,13100.0
"Jobs","Employees","G-I. Wholesale and retail trade; repair of motor vehicles and motorcycles; transportation and storage; accommodation and food service activities",44800.0,47000.0,46900.0,42500.0,38100.0,39900.0,41600.0,39700.0,37700.0,40600.0,42200.0,40100.0,38100.0,42300.0,44200.0,41900.0,39900.0,44000.0,46400.0,43700.0,42000.0,46000.0,48200.0,45500.0,43900.0,48300.0,50600.0,47800.0,46200.0,51600.0,54200.0,51900.0,50800.0,56400.0,59500.0,57600.0,55600.0,61100.0,63400.0,60700.0,57900.0,62500.0,64100.0,61100.0,57000.0,59700.0,60800.0,57500.0,53500.0,49700.0
"Jobs","Employees","J. Information and communication",8300.0,8400.0,8300.0,7900.0,7600.0,7400.0,7500.0,7500.0,7400.0,7400.0,7400.0,7500.0,7500.0,7800.0,7700.0,7600.0,7500.0,7600.0,7700.0,7600.0,7600.0,7800.0,7900.0,8000.0,7800.0,8000.0,8000.0,7900.0,7800.0,8100.0,8200.0,8200.0,8200.0,8400.0,8400.0,8300.0,8200.0,8300.0,8300.0,8300.0,8100.0,8200.0,8200.0,8100.0,8300.0,8300.0,8200.0,8200.0,8100.0,7900.0
"Jobs","Employees","K. Financial and insurance activities",8600.0,8900.0,8800.0,8800.0,7700.0,7700.0,7600.0,8000.0,7500.0,7700.0,7700.0,7500.0,7000.0,7400.0,7400.0,7200.0,7000.0,7300.0,7300.0,6900.0,6800.0,7100.0,7100.0,6900.0,6700.0,6900.0,6900.0,6600.0,6400.0,6600.0,6600.0,6300.0,6300.0,6600.0,6600.0,6400.0,6200.0,6500.0,6500.0,6300.0,6200.0,6400.0,6400.0,6200.0,6000.0,6300.0,6200.0,6000.0,5900.0,6000.0
"Jobs","Employees","M-N. Professional, scientific and technical activities; administrative and support service activities",13300.0,14400.0,14700.0,13000.0,11800.0,12200.0,12400.0,11700.0,11100.0,12000.0,12600.0,12000.0,11600.0,12800.0,13300.0,12500.0,12100.0,13300.0,14000.0,13100.0,12700.0,13900.0,14400.0,13500.0,13300.0,14600.0,15200.0,14400.0,14100.0,15600.0,16400.0,15700.0,15500.0,17600.0,18900.0,18400.0,18000.0,20000.0,21100.0,19900.0,19000.0,20800.0,21700.0,20400.0,19200.0,20500.0,21200.0,19800.0,18400.0,17700.0
"Jobs","Employees","O-Q. Public administration and defence; compulsory social security; education; human health and social work activities",52700.0,58700.0,60600.0,56800.0,54100.0,59300.0,60400.0,54600.0,52900.0,58200.0,59700.0,55000.0,52500.0,59300.0,58800.0,53900.0,52600.0,57100.0,58800.0,55000.0,53500.0,58700.0,59000.0,55400.0,54500.0,59700.0,60500.0,56500.0,55100.0,59000.0,61000.0,59700.0,55800.0,59200.0,59600.0,57800.0,56300.0,60100.0,60100.0,59100.0,59000.0,62600.0,62300.0,60600.0,59800.0,64200.0,66100.0,62800.0,63000.0,69300.0
"Jobs","Employees","R-U. Arts, entertainment and recreation; other service activities; activities of household and extra-territorial organizations and bodies",8200.0,8800.0,8600.0,8700.0,8100.0,8600.0,8500.0,8700.0,8100.0,8700.0,8600.0,8700.0,8100.0,8900.0,8600.0,8700.0,8300.0,8900.0,8500.0,8700.0,8300.0,9000.0,8800.0,8900.0,8600.0,9300.0,9000.0,9200.0,8800.0,9800.0,9300.0,10900.0,9000.0,9600.0,9200.0,9500.0,9200.0,9900.0,9500.0,9800.0,9500.0,10200.0,9900.0,10300.0,9900.0,10600.0,10200.0,10500.0,10000.0,9700.0
"Jobs","Employees","Total - All activities",183200.0,195900.0,196400.0,182100.0,165600.0,175200.0,178700.0,169100.0,160600.0,173500.0,178000.0,168800.0,160200.0,177500.0,180100.0,170300.0,163600.0,177700.0,183600.0,174200.0,168200.0,182800.0,187200.0,178500.0,173200.0,188100.0,192600.0,183200.0,177500.0,193200.0,199400.0,195200.0,186600.0,202000.0,207800.0,202600.0,195400.0,212100.0,216500.0,210600.0,204500.0,219000.0,221700.0,214500.0,205600.0,217600.0,221500.0,211600.0,202600.0,205000.0
"Jobs","Self employed","A. Agriculture, forestry and fishing",2800.0,2900.0,2900.0,2800.0,2800.0,2900.0,2900.0,2900.0,2700.0,2800.0,2800.0,2700.0,2800.0,2800.0,2900.0,2800.0,2900.0,3000.0,3000.0,2900.0,2900.0,2900.0,2900.0,2800.0,2900.0,2800.0,2800.0,2800.0,2700.0,2700.0,2700.0,2700.0,2600.0,2700.0,2800.0,2700.0,2500.0,2400.0,2500.0,2400.0,2500.0,2500.0,2500.0,2500.0,2500.0,2600.0,2600.0,2500.0,2500.0,2500.0
"Jobs","Self employed","B-E. Mining and quarrying; manufacturing; electricity, gas, steam and air conditioning supply; water supply; sewerage, waste management and remediation activities",500.0,600.0,600.0,500.0,500.0,500.0,500.0,500.0,500.0,500.0,500.0,500.0,500.0,500.0,500.0,500.0,500.0,500.0,500.0,500.0,500.0,500.0,500.0,500.0,500.0,500.0,500.0,500.0,500.0,500.0,500.0,500.0,500.0,500.0,500.0,500.0,500.0,500.0,500.0,500.0,500.0,500.0,500.0,500.0,400.0,400.0,500.0,400.0,400.0,400.0
"Jobs","Self employed","C. Manufacturing",500.0,600.0,500.0,500.0,500.0,500.0,500.0,500.0,500.0,500.0,500.0,500.0,500.0,500.0,500.0,500.0,500.0,500.0,500.0,500.0,500.0,500.0,500.0,500.0,500.0,500.0,500.0,500.0,500.0,500.0,500.0,500.0,500.0,500.0,500.0,500.0,500.0,500.0,500.0,500.0,500.0,500.0,500.0,500.0,400.0,400.0,400.0,400.0,400.0,400.0
"Jobs","Self employed","F. Construction",1900.0,2000.0,1900.0,2000.0,1700.0,1700.0,1800.0,1800.0,1600.0,1800.0,1700.0,1700.0,1700.0,1800.0,1900.0,1800.0,1800.0,1900.0,1900.0,1900.0,1900.0,1900.0,2000.0,1900.0,1900.0,1900.0,1900.0,1900.0,1800.0,1900.0,1900.0,2000.0,1900.0,1900.0,2000.0,1900.0,1800.0,1800.0,1900.0,1800.0,1800.0,1800.0,1800.0,1800.0,1800.0,1800.0,1800.0,1800.0,1800.0,1800.0
"Jobs","Self employed","G-I. Wholesale and retail trade; repair of motor vehicles and motorcycles; transportation and storage; accommodation and food service activities",2000.0,2100.0,2000.0,2100.0,1900.0,1900.0,2000.0,2000.0,1800.0,1800.0,1800.0,1900.0,1900.0,1900.0,1900.0,1900.0,2000.0,2100.0,2000.0,2000.0,2000.0,2000.0,2000.0,2000.0,2100.0,2000.0,2000.0,2000.0,2000.0,2000.0,2100.0,2100.0,2100.0,2100.0,2200.0,2200.0,2100.0,2100.0,2100.0,2100.0,2100.0,2100.0,2100.0,2100.0,2000.0,2100.0,2100.0,2100.0,2000.0,1900.0
"Jobs","Self employed","J. Information and communication",700.0,700.0,700.0,700.0,700.0,700.0,700.0,700.0,700.0,700.0,700.0,700.0,700.0,700.0,700.0,700.0,800.0,800.0,800.0,800.0,800.0,800.0,800.0,800.0,900.0,800.0,800.0,900.0,900.0,800.0,900.0,900.0,800.0,800.0,900.0,800.0,800.0,800.0,800.0,700.0,700.0,800.0,700.0,800.0,700.0,800.0,800.0,800.0,800.0,800.0
"Jobs","Self employed","K. Financial and insurance activities",100.0,100.0,100.0,100.0,100.0,100.0,100.0,100.0,100.0,100.0,100.0,100.0,100.0,100.0,100.0,100.0,100.0,100.0,100.0,100.0,100.0,100.0,100.0,100.0,100.0,100.0,100.0,100.0,100.0,100.0,100.0,100.0,100.0,100.0,100.0,100.0,100.0,100.0,100.0,100.0,100.0,100.0,100.0,100.0,100.0,100.0,100.0,100.0,100.0,100.0
"Jobs","Self employed","M-N. Professional, scientific and technical activities; administrative and support service activities",2400.0,2500.0,2400.0,2400.0,2300.0,2300.0,2400.0,2500.0,2300.0,2300.0,2200.0,2200.0,2300.0,2200.0,2200.0,2300.0,2400.0,2500.0,2400.0,2500.0,2500.0,2500.0,2500.0,2500.0,2700.0,2500.0,2500.0,2500.0,2500.0,2500.0,2600.0,2600.0,2400.0,2400.0,2700.0,2700.0,2400.0,2500.0,2600.0,2400.0,2500.0,2500.0,2500.0,2600.0,2400.0,2500.0,2600.0,2500.0,2600.0,2600.0
"Jobs","Self employed","O-Q. Public administration and defence; compulsory social security; education; human health and social work activities",3100.0,3100.0,3000.0,3100.0,3000.0,3100.0,3100.0,3300.0,3100.0,3200.0,3100.0,3100.0,3200.0,3200.0,3100.0,3200.0,3200.0,3400.0,3200.0,3200.0,3400.0,3300.0,3200.0,3200.0,3600.0,3400.0,3300.0,3400.0,3500.0,3500.0,3500.0,3500.0,3400.0,3400.0,3600.0,3600.0,3400.0,3500.0,3500.0,3400.0,3500.0,3400.0,3400.0,3500.0,3500.0,3700.0,3600.0,3700.0,3600.0,3700.0
"Jobs","Self employed","R-U. Arts, entertainment and recreation; other service activities; activities of household and extra-territorial organizations and bodies",2700.0,2700.0,2600.0,2700.0,2700.0,2700.0,2700.0,2800.0,2700.0,2700.0,2700.0,2800.0,2800.0,2700.0,2700.0,2800.0,2800.0,2900.0,2800.0,2800.0,2800.0,2700.0,2800.0,2700.0,2900.0,2700.0,2700.0,2900.0,2800.0,2800.0,2800.0,2700.0,2700.0,2700.0,2900.0,2700.0,2600.0,2700.0,2800.0,2800.0,2800.0,2800.0,2800.0,2900.0,2900.0,3000.0,2900.0,2900.0,2900.0,2900.0
"Jobs","Self employed","Total - All activities",16400.0,16700.0,16400.0,16500.0,15800.0,16100.0,16500.0,16800.0,15800.0,16100.0,16000.0,15900.0,16200.0,16100.0,16200.0,16400.0,16500.0,17400.0,16900.0,16900.0,17200.0,17000.0,16800.0,16600.0,18000.0,17000.0,16900.0,17300.0,17000.0,17000.0,17300.0,17200.0,16500.0,16700.0,17800.0,17400.0,16400.0,16600.0,16900.0,16500.0,16600.0,16700.0,16700.0,16800.0,16500.0,17100.0,17200.0,17000.0,16900.0,16900.0
