"Sex og Region","Economic activity (main and second job)","1991 Week total (main job)","1991 95% Conf.Int","1992 Week total (main job)","1992 95% Conf.Int","1993 Week total (main job)","1993 95% Conf.Int","1994 Week total (main job)","1994 95% Conf.Int","1995 Week total (main job)","1995 95% Conf.Int","1996 Week total (main job)","1996 95% Conf.Int","1997 Week total (main job)","1997 95% Conf.Int","1998 Week total (main job)","1998 95% Conf.Int","1999 Week total (main job)","1999 95% Conf.Int","2000 Week total (main job)","2000 95% Conf.Int","2001 Week total (main job)","2001 95% Conf.Int","2002 Week total (main job)","2002 95% Conf.Int","2003 Week total (main job)","2003 95% Conf.Int","2004 Week total (main job)","2004 95% Conf.Int","2005 Week total (main job)","2005 95% Conf.Int","2006 Week total (main job)","2006 95% Conf.Int","2007 Week total (main job)","2007 95% Conf.Int","2008 Week total (main job)","2008 95% Conf.Int","2009 Week total (main job)","2009 95% Conf.Int","2010 Week total (main job)","2010 95% Conf.Int","2011 Week total (main job)","2011 95% Conf.Int","2012 Week total (main job)","2012 95% Conf.Int","2013 Week total (main job)","2013 95% Conf.Int","2014 Week total (main job)","2014 95% Conf.Int","2015 Week total (main job)","2015 95% Conf.Int","2016 Week total (main job)","2016 95% Conf.Int","2017 Week total (main job)","2017 95% Conf.Int","2018 Week total (main job)","2018 95% Conf.Int","2019 Week total (main job)","2019 95% Conf.Int"
"Total","Total actual working hours",5332.6,165.0,5293.0,149.2,5158.1,145.9,5180.1,145.5,5380.7,148.2,5506.0,152.5,5460.4,154.5,5655.1,158.0,5892.3,162.6,6043.4,166.0,6112.9,169.1,5955.5,166.1,5732.5,123.8,5727.2,126.6,5886.1,130.9,6152.8,136.9,6355.9,140.9,6466.9,141.9,5792.7,131.9,5734.7,131.5,5860.1,132.6,5838.4,131.4,6020.7,136.0,6161.4,140.1,6396.8,146.3,6628.3,154.3,6682.6,163.2,6799.6,151.1,6815.0,160.5
"Total","A - Agriculture, forestry and fishing",671.3,65.0,660.4,58.0,556.3,53.3,553.8,53.0,607.1,55.7,593.3,55.8,514.8,53.3,534.3,53.9,604.0,58.1,561.6,56.8,555.9,57.6,471.4,51.9,462.8,39.8,419.6,39.0,447.2,41.2,522.3,48.1,459.4,45.4,416.6,43.1,419.5,42.6,469.2,45.7,492.5,47.0,434.0,43.2,383.6,40.9,381.1,41.3,368.0,41.7,349.1,42.5,321.9,43.5,382.9,43.5,385.7,47.0
"Total","A:1 - Crop and animal production, hunting and related service activities",361.5,45.4,328.9,38.6,261.2,34.7,253.5,33.4,269.9,34.2,274.9,35.7,248.7,35.4,276.6,36.6,294.9,39.2,309.0,40.7,301.5,41.2,274.7,39.3,267.9,29.7,214.5,26.6,234.1,28.8,301.5,35.4,267.5,33.8,204.9,29.1,205.0,29.1,222.2,30.9,247.9,32.1,219.5,29.6,210.0,29.9,174.4,27.4,182.7,28.6,171.4,28.8,151.2,28.2,133.3,22.5,180.0,31.3
"Total","A:3 - Fishing and aquaculture",309.8,46.3,331.5,43.2,295.1,40.5,300.3,41.1,337.3,43.8,318.4,43.0,266.1,39.9,257.7,39.5,309.1,42.9,252.6,39.5,254.4,40.1,196.7,34.0,194.9,26.3,205.2,28.4,213.0,29.5,220.8,32.5,191.9,30.2,211.8,31.8,214.5,31.2,246.9,33.7,244.7,34.2,214.4,31.5,173.6,27.9,206.7,30.8,185.3,30.2,177.7,31.0,170.6,33.1,249.6,37.1,205.7,35.1
"Total","B-C - Manufacturing and Mining and quarrying",863.6,65.4,847.8,59.7,884.1,60.8,923.5,60.8,915.6,61.1,908.7,62.2,966.7,64.6,912.8,63.5,891.2,63.4,914.2,64.4,886.8,64.3,860.1,62.8,805.1,46.5,800.8,47.6,780.9,48.3,717.5,47.6,705.0,48.1,742.4,48.9,689.6,46.1,657.4,45.0,695.5,45.7,743.0,47.1,766.4,49.2,741.2,49.0,718.4,50.0,751.5,53.7,701.0,53.9,668.0,48.6,714.6,54.4
"Total","B - Mining and quarrying",1.4,2.0,8.5,6.2,2.0,2.9,2.0,2.8,1.6,2.1,2.9,4.3,2.0,2.9,2.8,3.0,12.7,6.8,9.5,6.6,11.2,7.1,14.1,6.6,8.1,4.3,6.2,3.8,..,0.0,5.7,4.9,7.3,5.3,3.0,3.4,5.2,3.6,8.3,4.9,1.0,2.0,2.8,4.1,4.0,4.4,6.9,5.4,8.4,5.6,..,0.0,1.9,2.8,7.8,5.1,9.0,6.1
"Total","C - Manufacturing",862.2,65.3,839.3,59.4,882.1,60.8,921.6,60.7,914.0,61.1,905.8,62.1,964.7,64.5,910.0,63.4,878.5,63.0,904.7,64.0,875.6,63.9,846.0,62.2,796.9,46.3,794.7,47.4,780.9,48.3,711.7,47.4,697.7,47.8,739.3,48.8,684.4,45.9,649.1,44.7,694.5,45.6,740.2,47.0,762.4,49.0,734.3,48.7,709.9,49.6,751.5,53.6,699.0,53.9,660.2,48.3,705.7,54.1
"Total","C:10-12 - Manufacturing food, beverages and tobacco",432.8,46.0,456.1,44.0,521.6,47.3,532.2,46.0,513.8,45.5,487.6,44.8,481.9,45.2,438.6,43.7,419.7,42.9,424.6,43.4,422.7,43.7,416.6,43.2,383.5,31.9,370.5,32.2,353.3,32.7,291.9,30.1,265.2,29.1,279.9,29.6,258.1,28.4,268.6,28.8,302.7,29.9,330.1,31.3,345.4,33.3,321.0,33.0,275.0,31.5,279.4,33.8,262.1,33.8,254.8,30.4,279.8,33.9
"Total","C:10.2 - Processing and preserving of fish, crustaceans and molluscs",289.3,38.2,301.9,36.0,373.7,40.7,353.9,37.3,357.0,38.1,317.4,36.7,312.8,36.9,266.4,34.8,238.2,32.8,261.6,34.3,258.2,34.5,245.7,33.2,207.1,23.6,191.5,23.1,173.9,23.4,143.5,21.7,112.3,19.9,112.7,19.4,128.8,20.5,127.2,20.2,152.0,21.6,161.2,22.3,187.7,24.8,182.1,25.1,139.3,22.7,138.7,23.9,101.5,21.5,111.6,20.6,138.2,24.2
"Total","C:24 - Manufacture of basic metals",32.4,12.1,29.2,10.5,30.6,10.5,32.7,10.9,24.5,9.2,25.9,9.9,27.8,9.9,25.9,9.7,35.5,11.9,42.3,12.8,36.6,12.7,38.1,12.8,35.2,9.8,38.5,10.0,38.7,10.3,46.1,11.6,74.0,15.0,89.1,17.1,85.6,16.0,80.0,15.9,81.1,15.9,81.5,15.1,69.9,14.8,83.5,16.2,92.5,18.2,78.3,16.6,84.1,18.4,64.3,15.4,72.4,19.0
"Total","D-E - Electricity and Water supply",76.1,20.1,64.2,16.4,78.5,18.6,93.7,20.3,88.4,19.4,83.4,18.8,66.4,17.3,79.4,19.3,72.4,18.0,83.5,19.8,96.2,21.2,82.3,19.6,80.5,14.7,101.6,17.0,97.9,17.4,92.6,17.0,99.4,17.5,109.3,18.4,90.3,16.6,91.2,16.6,85.2,16.6,73.4,15.4,73.1,14.8,90.1,16.6,95.5,17.9,89.9,18.4,101.4,20.3,108.6,19.3,103.8,19.9
"Total","D - Electricity, gas, steam and air conditioning supply",70.8,19.3,57.6,15.4,63.7,16.7,70.2,17.5,59.2,16.1,46.7,14.1,39.5,13.4,59.8,16.9,47.6,14.4,53.9,16.0,63.0,17.2,56.8,16.0,61.5,12.5,75.0,14.7,65.8,14.2,58.6,13.0,59.1,13.2,72.1,14.9,56.2,13.2,62.9,13.7,61.0,14.0,45.6,12.0,48.3,11.8,56.6,13.0,57.8,14.0,65.5,15.5,64.4,16.0,71.5,15.4,72.4,16.4
"Total","E - Water supply; sewerage, waste management and remediation activities",5.3,5.0,6.6,5.0,14.8,8.0,23.5,10.2,29.3,11.0,36.6,12.4,26.9,10.7,19.6,9.1,24.8,10.9,29.5,11.4,33.3,12.8,25.5,11.2,18.9,7.6,26.6,8.6,32.1,9.9,34.0,10.7,40.3,11.4,37.2,10.8,34.1,10.1,28.3,9.2,24.2,9.0,27.8,9.6,24.8,9.0,33.5,10.4,37.7,11.3,24.4,10.1,37.0,12.5,37.1,11.6,31.3,11.2
"Total","F - Construction",429.0,46.9,416.2,42.8,403.2,40.9,414.8,42.0,417.0,42.6,432.4,45.0,478.8,48.2,508.3,49.6,484.2,48.3,497.0,50.0,522.6,51.0,545.4,51.8,475.6,37.7,517.3,40.0,524.5,41.4,627.7,45.4,672.6,47.6,745.8,49.4,439.8,36.9,391.4,34.8,386.7,35.1,360.5,33.4,418.3,37.2,420.5,37.7,467.5,41.6,490.5,44.8,503.9,46.8,495.0,42.5,514.9,46.2
"Total","G - Wholesale and retail trade; repair of motor vehicles and motorcycles",804.1,62.8,840.3,59.0,777.3,55.8,666.4,51.0,753.0,55.0,745.3,55.6,754.5,56.3,783.5,58.0,798.1,58.9,824.3,59.5,845.5,61.9,782.2,59.8,733.3,43.4,711.3,44.1,829.0,48.6,835.8,49.2,882.9,51.5,820.9,49.4,721.7,46.1,662.3,43.3,720.8,45.2,718.0,44.3,777.6,47.2,758.4,47.9,787.6,50.7,838.6,54.1,849.7,58.0,806.7,51.8,785.4,54.4
"Total","H - Transportation and storage",318.3,41.4,303.7,36.7,303.0,35.9,303.8,36.0,298.8,36.0,341.4,39.3,334.9,39.4,372.2,41.9,413.3,43.7,351.1,40.4,309.5,39.1,296.7,38.2,322.5,30.4,335.4,31.5,344.2,33.0,359.1,34.3,342.4,34.4,363.3,34.7,356.4,33.3,337.7,33.3,354.3,33.5,349.8,33.6,343.4,33.5,388.1,36.8,431.9,39.6,490.4,43.1,506.8,47.0,501.8,41.9,466.9,43.0
"Total","H:51 - Air transport",53.1,16.4,49.2,14.4,47.4,14.0,33.5,11.2,30.0,9.8,58.9,15.2,68.2,16.6,91.8,19.0,102.8,19.8,93.6,19.6,64.7,17.1,48.9,14.6,60.6,12.7,60.2,12.6,58.2,12.3,71.9,15.2,73.7,16.0,69.3,14.6,74.1,14.7,70.8,15.0,78.7,15.2,69.8,14.6,78.6,15.7,89.7,17.9,80.6,16.4,109.1,19.6,115.4,22.4,151.7,21.7,134.6,21.4
"Total","I - Accommodation and food service activities",135.6,26.1,121.2,22.7,124.9,23.0,147.5,24.2,159.2,25.6,139.9,24.7,135.9,23.9,129.1,22.8,193.4,28.6,215.0,30.4,201.8,30.0,189.6,29.2,198.4,23.7,193.8,24.2,201.6,25.1,216.0,26.2,208.4,26.2,208.3,25.6,238.9,26.7,233.0,25.4,270.5,27.9,253.3,26.2,306.6,31.1,337.7,33.0,353.8,34.4,371.5,36.7,362.6,38.3,351.3,34.7,337.1,37.1
"Total","J - Information and communication",183.9,30.0,176.6,27.0,145.2,24.5,147.1,25.8,189.7,28.5,199.7,28.7,178.5,28.4,220.4,31.4,248.7,33.1,308.5,36.6,319.0,38.1,271.9,34.2,248.2,25.1,236.8,25.4,265.7,27.3,264.1,27.9,270.0,28.4,283.9,29.6,269.3,28.8,254.8,28.0,261.3,28.1,262.0,27.9,265.8,28.6,291.7,30.6,337.3,33.6,354.9,35.8,347.2,36.4,313.6,32.5,296.0,33.0
"Total","K - Financial and insurance activities",183.7,28.9,189.6,25.8,179.6,25.2,161.1,23.5,183.4,25.0,170.6,24.6,169.2,25.8,181.3,27.2,220.5,29.5,263.6,33.0,263.5,33.7,238.6,31.5,222.5,23.2,262.6,25.9,242.2,25.2,261.6,26.3,327.8,30.4,335.5,30.8,291.3,28.5,291.3,28.5,289.1,28.1,263.5,27.0,255.6,27.2,247.0,27.5,236.6,27.2,227.5,27.4,199.5,27.3,222.2,26.0,263.3,30.1
"Total","L - Real estate activities",14.3,9.2,5.3,5.4,10.5,7.0,14.3,7.5,15.8,7.0,21.5,9.0,24.2,10.4,16.3,8.3,11.7,6.3,16.5,8.0,14.2,8.5,34.2,11.1,22.5,7.9,31.0,9.1,36.4,10.2,28.0,9.0,49.9,12.2,46.2,11.3,27.5,8.9,31.3,9.8,29.8,9.3,31.0,10.3,28.0,8.9,28.5,9.4,33.5,10.4,42.6,12.4,46.4,12.8,37.2,10.2,45.6,11.8
"Total","M-N - Various specialiced activities",270.5,36.7,231.4,30.3,238.2,30.3,270.1,34.2,274.7,33.4,285.4,34.8,295.8,35.5,333.8,37.8,352.7,39.2,411.7,43.0,443.9,44.4,424.2,44.4,462.5,35.3,457.6,36.1,440.0,35.7,475.0,37.7,507.5,39.7,500.2,39.3,465.2,37.4,492.9,38.7,495.1,37.8,503.2,38.2,537.8,40.3,610.2,44.4,602.7,45.1,673.8,49.0,725.3,53.2,783.9,51.7,741.9,52.8
"Total","M - Professional, scientific and technical activities",217.5,33.0,180.6,27.0,179.9,26.4,194.3,29.8,194.1,28.1,187.2,28.4,189.3,28.6,225.0,31.4,258.5,33.7,288.5,35.9,291.8,36.1,286.2,36.5,306.4,28.3,284.3,28.0,285.3,28.8,296.6,29.6,326.0,31.4,343.1,31.8,328.0,31.3,342.5,32.1,336.8,30.7,329.6,30.2,347.9,32.2,378.4,34.4,411.9,37.2,431.8,38.6,448.4,41.1,489.0,39.7,477.2,41.0
"Total","N - Administrative and support service activities",52.9,15.9,50.8,13.8,58.3,14.8,75.8,16.8,80.5,18.0,98.2,20.2,106.6,21.1,108.8,20.9,94.3,20.0,123.2,23.6,152.1,25.7,138.0,25.1,156.1,21.1,173.4,22.8,154.7,21.2,178.4,23.4,181.4,24.2,157.1,23.0,137.2,20.3,150.4,21.7,158.3,22.1,173.6,23.3,189.8,24.1,231.8,27.9,190.8,25.5,242.0,30.1,276.9,33.7,294.9,33.0,264.7,33.2
"Total","N:79 - Travel agency, tour operator and other reservation service and related activities",12.3,7.2,12.4,6.3,12.6,6.9,14.1,7.3,13.7,6.5,13.8,7.3,20.8,9.2,22.1,8.6,14.5,7.4,12.8,7.1,25.4,10.0,16.1,9.4,35.1,10.0,37.0,10.3,29.1,8.8,34.3,10.4,31.1,9.9,24.9,9.6,28.1,9.8,29.4,10.2,37.7,11.5,42.8,11.0,42.2,11.2,72.1,15.7,67.1,16.0,92.8,18.0,129.3,22.6,111.6,19.1,96.9,19.5
"Total","O-Q - Public admin., Education and Health/Social activities",1088.8,69.6,1183.3,65.2,1196.8,65.8,1175.8,64.4,1176.7,63.4,1262.8,66.8,1209.7,67.4,1268.0,69.6,1302.4,71.5,1274.4,72.0,1344.5,74.0,1433.2,77.1,1433.8,58.2,1358.5,57.3,1361.2,57.7,1456.1,60.5,1510.3,63.0,1580.5,65.4,1499.4,62.7,1541.9,63.5,1453.5,61.7,1505.7,63.4,1536.6,65.0,1536.3,65.5,1618.0,68.2,1612.9,69.8,1668.6,75.0,1774.1,71.2,1814.2,75.7
"Total","O - Public administration and defence; compulsory social security",317.2,40.5,336.2,36.9,324.5,36.4,274.9,34.1,266.2,32.6,260.6,32.3,269.2,34.7,302.4,36.9,321.3,37.9,298.0,37.0,276.7,35.8,337.5,39.1,325.0,28.9,305.0,28.6,302.2,28.8,364.1,32.5,373.5,33.3,359.8,32.7,318.2,30.0,312.6,29.9,272.6,28.6,322.2,30.7,336.8,31.6,271.1,28.7,273.8,29.8,313.6,32.9,307.5,33.9,368.3,33.8,379.5,35.7
"Total","P - Education",328.3,37.2,392.4,37.1,393.8,37.0,405.2,36.4,404.2,35.8,471.0,40.7,450.1,40.6,488.8,42.7,481.3,43.1,496.3,44.9,531.3,46.5,566.8,48.3,524.2,34.9,509.3,34.7,536.6,35.9,548.0,36.6,579.9,38.2,643.9,41.5,611.0,39.9,615.9,40.1,567.3,37.9,593.9,38.8,608.6,40.3,651.5,42.1,720.8,45.0,686.5,44.9,743.9,49.5,745.9,45.5,766.6,48.4
"Total","Q - Human health and social work activities",443.3,42.4,454.7,38.7,478.6,40.4,495.7,40.7,506.3,40.7,531.2,41.9,490.3,41.1,476.8,40.7,499.8,42.5,480.1,42.4,536.5,45.0,528.9,45.4,584.7,36.3,544.3,35.5,522.4,34.7,543.9,35.4,556.9,37.4,576.8,38.4,570.3,37.8,613.5,39.0,613.6,39.3,589.6,39.6,591.3,39.9,613.8,41.1,623.4,41.7,612.8,42.0,617.2,44.9,659.8,43.1,668.0,46.0
"Total","R - Arts, entertainment and recreation",94.5,21.9,92.3,19.3,113.8,21.5,140.4,23.1,124.6,21.0,134.3,22.1,126.1,22.4,129.9,22.3,133.3,23.9,131.7,22.7,104.7,21.0,128.5,23.4,112.0,16.8,137.9,19.4,141.0,19.6,130.0,18.4,164.1,21.4,185.7,23.2,156.6,21.1,137.3,19.4,157.9,20.4,170.1,21.0,174.2,22.1,166.4,21.7,182.3,23.5,174.8,23.7,184.4,27.2,192.7,24.5,194.7,25.5
"Total","S-X - Other activites",198.9,30.9,160.1,24.4,144.4,23.0,167.7,24.6,176.7,25.0,187.2,26.2,203.6,27.9,186.0,26.8,166.6,25.3,190.4,27.9,204.8,29.7,197.4,28.9,152.9,19.3,162.9,19.9,174.4,22.1,167.1,22.2,156.3,20.8,128.3,19.5,127.2,18.4,142.9,19.8,167.8,21.4,171.1,21.5,153.6,21.5,164.2,23.0,163.8,22.5,160.4,23.2,163.9,25.8,161.4,22.5,150.8,22.1
"Total","S - Other service activities",164.5,28.0,145.7,23.1,132.8,21.9,133.0,21.8,144.6,22.4,162.9,24.5,169.5,25.5,154.2,24.4,141.1,23.2,158.5,25.5,159.0,26.4,159.0,26.2,132.4,17.8,147.1,18.7,158.9,20.9,152.7,21.0,143.5,19.6,125.3,19.2,120.2,17.7,131.1,18.7,158.7,20.4,157.2,20.4,134.5,19.8,145.0,21.3,147.0,20.9,151.2,22.3,149.2,24.4,142.7,21.0,137.3,21.1
"Total","T - Activities of households as employers; u0ndifferentiated goods- and services-producing activitie",1.0,2.7,0.7,2.0,..,0.0,1.0,1.7,..,0.0,..,0.0,..,0.0,0.0,0.0,0.1,0.0,..,0.0,1.4,4.0,..,0.0,0.2,0.3,0.1,0.2,0.2,0.0,..,0.0,..,0.0,..,0.0,1.9,1.7,1.2,1.7,..,0.0,..,0.0,..,0.0,..,0.0,..,0.0,..,0.0,..,0.0,0.0,0.0,0.0,0.0
"Total","U - Activities of extraterritorial organisations and bodies",33.5,12.8,13.6,7.6,11.6,6.7,33.7,11.2,32.0,10.9,24.2,9.4,34.1,11.2,31.8,10.9,25.3,10.1,32.0,11.4,44.3,13.1,38.4,12.0,20.3,6.1,15.7,6.0,15.3,5.6,14.0,6.0,8.8,4.9,2.3,2.1,5.1,3.6,3.0,2.9,1.4,1.2,4.9,3.4,4.7,4.1,3.6,3.1,2.5,2.8,3.7,3.3,2.4,2.7,1.9,2.8,1.2,2.3
"Total","X - Non specified activites",..,0.0,..,0.0,..,0.0,..,0.0,..,0.0,..,0.0,..,0.0,..,0.0,..,0.0,..,0.0,..,0.0,..,0.0,..,0.0,..,0.0,..,0.0,0.4,0.8,4.0,4.0,0.8,1.6,..,0.0,7.5,5.0,7.7,5.1,9.0,4.8,14.4,6.6,15.6,7.5,14.3,7.1,5.5,4.2,12.2,7.2,16.8,7.1,12.4,5.8
"Total","Tourism industries",356.0,43.3,316.5,36.7,359.2,39.1,388.8,39.7,389.6,39.9,439.7,43.7,415.7,42.9,440.3,42.9,540.0,48.9,479.1,45.8,428.8,44.4,438.6,46.0,472.8,36.7,502.7,38.9,498.1,39.0,498.5,39.7,516.0,41.1,542.2,42.0,535.2,40.7,518.1,40.2,600.5,42.8,560.4,40.8,629.2,44.5,729.4,49.6,765.1,52.0,819.8,54.6,847.3,60.1,852.8,54.0,796.6,56.1
"Total","Creative industries",230.1,33.4,214.1,29.6,209.4,28.1,218.9,30.1,229.9,30.9,224.3,30.1,209.0,29.8,254.8,32.9,303.0,36.4,377.5,40.5,355.9,39.7,323.0,37.7,323.9,28.6,294.5,27.9,305.6,28.7,315.1,29.8,335.6,31.1,365.0,32.8,336.1,31.8,343.0,31.9,324.1,30.4,314.0,29.9,351.8,32.5,358.5,33.7,424.7,37.3,470.6,40.2,487.8,42.3,460.3,38.3,439.3,39.0
"Males","Total actual working hours",3446.9,139.2,3395.6,125.6,3254.3,121.6,3260.1,122.0,3403.7,125.0,3428.6,127.8,3433.8,130.1,3576.5,132.8,3706.3,135.8,3769.8,137.1,3796.8,139.5,3613.8,134.5,3448.6,100.0,3504.9,104.2,3630.9,109.0,3849.0,115.1,3970.1,118.0,4002.1,116.8,3433.8,106.7,3374.0,106.3,3432.9,107.3,3408.3,104.9,3547.7,108.1,3626.0,112.2,3756.1,118.4,3943.9,126.0,3997.1,132.8,4087.0,123.9,4076.6,131.5
"Males","A - Agriculture, forestry and fishing",548.5,59.7,576.6,55.2,482.4,50.3,469.9,49.9,517.8,52.8,484.7,52.0,424.8,50.1,426.9,49.8,491.1,53.9,453.0,52.4,458.1,53.1,379.0,47.2,370.4,36.1,335.8,35.9,365.7,38.2,437.4,45.0,388.4,42.7,343.7,40.0,343.4,39.5,390.2,42.4,429.3,44.8,368.6,40.6,299.6,36.9,308.6,37.6,299.0,38.1,266.6,38.2,256.4,39.9,339.2,41.8,320.4,43.9
"Males","A:1 - Crop and animal production, hunting and related service activities",252.1,38.2,256.4,34.9,194.4,30.3,186.4,29.5,193.2,29.8,182.2,30.1,172.5,31.1,186.2,31.4,210.2,34.2,225.9,35.7,213.3,35.2,193.5,33.4,184.5,24.9,141.9,22.3,163.3,24.8,224.8,31.5,200.3,30.3,140.0,24.6,138.9,24.7,150.2,26.0,191.3,29.0,164.4,26.2,142.0,25.1,112.5,22.3,123.9,23.7,115.1,23.7,101.1,23.4,100.1,19.8,121.7,26.6
"Males","A:3 - Fishing and aquaculture",296.4,45.6,320.2,42.8,288.0,40.2,283.4,40.2,324.6,43.4,302.5,42.3,252.3,39.2,240.7,38.7,280.9,41.8,227.1,38.4,244.8,39.7,185.5,33.4,185.9,26.0,193.8,28.0,202.4,29.0,212.7,32.1,188.1,30.0,203.7,31.5,204.5,30.8,240.0,33.4,238.0,34.0,204.2,31.0,157.6,26.9,196.1,30.2,175.2,29.7,151.6,29.8,155.2,32.3,239.1,36.7,198.7,34.8
"Males","B-C - Manufacturing and Mining and quarrying",576.7,55.9,594.9,52.1,615.3,52.6,665.8,53.6,661.4,54.0,653.8,55.1,692.6,57.1,664.5,56.7,680.8,57.2,715.2,58.0,673.2,57.4,632.2,54.6,607.0,41.3,600.1,42.5,588.3,43.5,556.2,43.4,539.4,43.4,572.7,44.1,519.7,41.1,489.1,39.7,517.0,40.4,583.4,42.7,586.5,43.8,559.8,43.6,557.1,45.0,576.2,48.0,543.9,48.6,516.5,44.0,570.6,50.1
"Males","B - Mining and quarrying",1.4,2.0,8.5,6.2,2.0,2.9,2.0,2.8,1.6,2.1,2.9,4.3,1.6,2.9,2.8,3.0,12.7,6.8,9.5,6.6,10.1,6.7,9.3,6.1,8.1,4.3,6.2,3.8,..,0.0,5.7,4.9,7.3,5.3,3.0,3.4,3.9,3.6,8.3,4.9,1.0,2.0,2.8,4.1,4.0,4.4,6.9,5.4,8.4,5.6,..,0.0,1.9,2.8,7.8,5.1,9.0,6.1
"Males","C - Manufacturing",575.3,55.8,586.4,51.7,613.3,52.5,663.9,53.5,659.8,53.9,650.8,54.9,690.9,57.0,661.7,56.6,668.1,56.7,705.7,57.7,663.1,56.9,622.9,54.1,598.8,41.1,593.9,42.3,588.3,43.5,550.4,43.1,532.1,43.1,569.7,43.9,515.8,40.9,480.8,39.3,516.0,40.3,580.6,42.5,582.5,43.5,552.9,43.2,548.7,44.6,576.2,48.0,542.0,48.5,508.6,43.6,561.6,49.7
"Males","C:10-12 - Manufacturing food, beverages and tobacco",236.0,36.4,276.4,36.5,322.9,39.0,345.8,38.9,320.4,38.0,305.6,37.6,290.6,37.5,280.3,37.3,279.0,36.4,280.8,36.4,270.3,36.2,262.9,35.1,245.5,26.6,232.9,27.0,234.5,28.1,201.9,26.3,178.6,25.0,195.1,25.5,169.2,23.9,171.2,24.0,194.8,25.0,226.8,27.0,231.4,28.3,205.3,27.6,184.6,26.8,188.1,28.8,180.0,29.1,174.1,26.7,202.4,30.3
"Males","C:10.2 - Processing and preserving of fish, crustaceans and molluscs",160.4,30.7,174.4,29.5,214.0,32.8,213.8,30.8,221.5,31.8,200.6,30.9,191.1,31.1,170.1,29.9,153.2,27.5,167.8,28.2,154.1,27.7,141.8,25.7,126.4,19.3,113.5,19.1,111.9,19.9,102.2,19.4,78.2,17.5,77.8,16.7,85.5,17.4,76.1,16.6,94.1,17.7,101.9,18.7,114.2,20.6,104.8,20.2,88.2,18.9,92.8,20.7,66.8,18.3,77.0,18.0,108.7,22.1
"Males","C:24 - Manufacture of basic metals",20.8,10.0,22.5,9.6,27.8,10.0,31.6,10.7,24.5,9.2,25.9,9.9,25.9,9.6,23.3,9.3,29.3,11.0,34.2,11.6,31.9,11.9,28.9,11.3,31.6,9.3,37.3,9.8,34.0,9.8,39.0,10.8,59.6,13.9,69.4,15.4,63.8,14.1,63.6,14.1,66.8,14.6,74.8,14.6,58.4,13.7,70.0,15.1,79.9,17.1,64.0,15.1,67.1,16.5,50.8,13.8,61.3,17.9
"Males","D-E - Electricity and Water supply",72.3,19.9,54.5,15.4,66.3,17.5,79.0,18.9,80.4,18.7,76.7,18.3,56.7,16.3,67.7,18.2,63.7,17.0,73.2,18.6,83.4,19.9,65.0,17.9,71.3,14.0,90.8,16.3,83.1,16.4,77.0,15.9,83.7,16.5,91.0,17.2,68.7,14.8,70.8,15.0,68.7,15.4,61.8,14.4,61.6,13.8,78.8,15.7,82.1,16.8,79.9,17.7,88.7,19.3,94.6,18.5,76.8,17.6
"Males","D - Electricity, gas, steam and air conditioning supply",67.8,19.1,50.1,14.7,52.8,15.7,57.3,16.1,52.1,15.4,40.1,13.3,33.5,12.7,50.9,15.9,41.7,13.6,43.7,14.5,50.1,15.5,41.6,14.1,52.7,11.6,68.4,14.1,54.0,13.2,46.9,12.1,45.3,12.1,57.8,13.7,40.3,11.5,45.8,12.1,46.6,12.7,35.9,10.9,39.5,10.8,48.2,12.1,50.0,13.2,57.8,14.8,53.2,14.9,59.7,14.5,50.5,14.2
"Males","E - Water supply; sewerage, waste management and remediation activities",4.5,4.7,4.4,4.3,13.5,7.6,21.6,9.9,28.3,10.8,36.6,12.4,23.2,10.4,16.8,8.8,22.0,10.3,29.5,11.4,33.3,12.8,23.4,10.9,18.6,7.5,22.4,8.2,29.2,9.6,30.0,10.3,38.4,11.2,33.2,10.4,28.5,9.2,25.0,8.8,22.1,8.7,25.9,9.5,22.0,8.6,30.5,9.9,32.2,10.5,22.2,9.8,35.5,12.4,34.9,11.4,26.3,10.3
"Males","F - Construction",417.4,46.2,405.9,42.3,394.9,40.5,407.6,41.8,405.1,42.2,420.8,44.6,457.1,47.5,487.8,48.9,470.9,47.9,486.8,49.6,509.7,50.6,528.1,51.3,464.2,37.3,499.8,39.4,499.7,40.6,602.8,44.7,657.3,47.2,710.7,48.5,420.5,36.3,378.3,34.4,367.8,34.5,339.8,32.6,403.2,36.7,406.6,37.2,452.1,41.1,476.6,44.5,486.1,46.2,462.9,41.4,483.6,45.2
"Males","G - Wholesale and retail trade; repair of motor vehicles and motorcycles",546.4,54.4,559.0,50.0,501.1,46.7,406.2,41.9,489.9,46.6,499.5,47.8,475.8,46.9,494.6,48.1,510.5,49.3,511.6,48.6,534.6,51.2,488.2,49.1,459.6,35.5,460.7,37.0,547.1,41.3,527.5,40.9,570.6,43.4,528.7,41.2,468.4,38.2,409.5,35.3,437.5,36.9,439.9,35.9,466.0,37.2,474.0,39.0,490.1,41.8,553.3,46.0,574.2,49.7,544.5,44.0,540.0,47.0
"Males","H - Transportation and storage",245.8,37.8,221.5,32.6,231.6,32.3,231.1,32.5,237.4,33.3,263.3,35.8,244.6,35.3,276.1,37.6,299.1,38.8,241.2,35.2,209.1,33.6,204.7,33.2,242.9,27.2,254.2,28.4,264.4,29.9,277.4,31.1,267.5,31.5,270.8,30.9,256.1,29.2,243.9,29.0,256.9,29.6,250.3,29.4,262.6,30.1,281.7,32.5,295.4,34.5,341.6,37.6,375.3,41.9,372.0,37.0,334.7,37.7
"Males","H:51 - Air transport",37.3,14.2,27.4,11.0,32.3,12.0,15.7,8.1,16.9,7.6,35.6,12.3,46.5,13.7,57.5,15.5,50.9,14.5,47.6,14.7,31.3,12.3,26.0,10.8,34.9,9.8,32.4,9.4,33.8,9.4,43.2,12.5,51.5,14.1,48.9,12.7,51.9,12.6,42.2,11.7,41.7,11.9,40.8,11.8,56.4,13.8,63.4,15.5,44.1,13.0,62.5,15.7,67.9,18.1,91.6,17.6,70.4,16.2
"Males","I - Accommodation and food service activities",72.5,20.9,65.4,17.8,60.1,17.2,86.9,19.4,87.4,19.9,71.3,18.9,80.3,19.7,71.0,17.8,89.0,21.1,124.3,24.4,107.4,23.0,105.2,22.1,91.7,16.6,96.8,18.1,107.2,19.1,122.0,20.6,95.7,19.1,107.1,19.3,128.2,20.6,129.6,19.7,116.8,19.4,102.1,17.2,131.5,21.2,172.6,25.0,166.5,25.1,185.6,27.3,198.9,29.1,195.8,27.1,176.5,28.2
"Males","J - Information and communication",116.4,24.9,111.4,22.3,103.7,21.4,116.3,23.8,140.4,25.4,131.8,24.3,133.6,25.4,155.9,27.2,160.0,27.8,222.8,31.8,244.0,33.9,194.6,29.2,170.6,21.1,177.7,22.7,180.9,23.1,175.6,23.7,192.4,24.6,213.5,26.4,212.0,26.1,201.6,25.2,197.4,24.7,192.8,24.3,205.6,25.6,203.8,26.1,237.1,29.2,254.3,31.2,248.7,31.8,221.9,28.1,212.7,28.8
"Males","K - Financial and insurance activities",60.6,17.8,63.2,16.0,60.5,15.9,58.4,15.4,73.8,16.8,80.4,17.9,74.2,18.2,83.8,19.5,111.7,22.2,122.8,23.1,105.6,23.1,92.4,20.7,75.6,14.0,87.4,16.0,87.3,16.4,109.5,18.2,153.3,22.2,151.0,21.3,125.8,19.7,127.6,20.2,125.1,19.7,109.7,18.1,115.2,18.7,100.5,18.0,106.5,19.1,115.9,20.7,94.4,19.6,108.5,19.1,141.1,23.1
"Males","L - Real estate activities",10.4,8.3,4.4,5.3,8.6,6.6,7.4,5.6,8.9,5.7,16.6,8.1,15.6,8.5,5.3,5.2,4.5,4.1,12.4,6.6,9.4,7.1,23.0,9.1,14.5,6.4,22.8,7.9,28.0,9.3,22.5,8.4,39.3,11.1,35.7,10.3,20.5,7.9,26.4,9.1,24.6,8.6,23.3,8.3,13.7,6.5,16.4,7.4,25.8,9.7,33.0,11.6,37.2,11.7,19.4,7.7,22.4,8.8
"Males","M-N - Various specialiced activities",197.8,32.2,153.7,25.6,153.1,25.4,179.9,30.1,192.6,29.3,190.1,29.8,193.6,30.5,223.0,32.5,233.5,33.0,266.5,36.2,294.9,37.9,270.0,37.0,297.2,28.9,284.3,30.0,277.4,29.8,328.9,32.7,361.6,34.7,339.8,33.4,295.8,30.8,291.9,31.3,299.0,30.6,294.3,30.2,339.1,32.5,409.8,37.5,394.0,38.3,435.4,41.0,453.0,43.6,511.7,43.6,480.2,44.4
"Males","M - Professional, scientific and technical activities",166.1,29.6,125.6,23.1,124.3,22.8,138.7,26.8,144.1,25.1,139.8,25.6,134.6,25.1,150.2,26.9,175.5,28.8,198.7,30.9,200.1,31.2,185.0,30.8,194.5,23.0,165.8,22.5,175.0,23.6,201.1,25.4,231.6,27.3,225.1,26.5,207.1,25.8,199.6,25.7,194.9,24.2,187.7,23.4,218.6,25.8,254.6,28.9,272.0,31.7,280.0,32.4,288.1,34.0,311.1,33.4,318.9,34.9
"Males","N - Administrative and support service activities",31.8,12.5,28.1,11.0,28.9,11.3,41.2,13.8,48.5,14.8,50.3,15.2,59.0,17.5,72.8,18.0,58.0,16.0,67.8,18.7,94.9,21.3,85.0,20.3,102.7,17.6,118.5,19.9,102.5,18.2,127.8,20.5,130.0,21.3,114.7,20.3,88.7,16.8,92.3,17.8,104.1,18.7,106.6,19.0,120.4,19.7,155.1,23.8,122.0,21.5,155.4,25.1,164.9,27.3,200.6,28.0,161.3,27.4
"Males","N:79 - Travel agency, tour operator and other reservation service and related activities",4.0,3.7,4.1,3.7,3.8,4.7,3.7,4.7,3.7,3.6,5.5,4.5,9.6,6.7,5.8,5.0,5.9,5.0,2.2,2.9,11.6,7.5,5.5,5.9,11.8,6.4,13.4,7.1,9.0,5.3,13.6,6.8,12.9,6.9,12.0,7.1,16.6,7.8,19.1,8.8,23.8,9.6,18.3,7.6,21.6,8.2,45.6,13.0,42.2,13.4,51.1,13.9,65.8,17.4,65.2,15.1,46.8,14.8
"Males","O-Q - Public admin., Education and Health/Social activities",421.3,47.0,449.9,43.7,445.8,43.8,398.0,41.8,368.7,40.1,401.3,41.9,425.4,44.8,454.5,46.0,440.6,45.5,400.7,44.0,396.2,43.4,474.8,47.3,455.3,34.8,436.9,34.9,431.0,35.7,462.8,38.0,481.6,39.0,492.6,39.0,445.8,36.8,474.1,38.2,435.0,36.4,476.9,37.5,484.8,38.2,431.9,36.8,457.5,39.5,467.9,41.2,472.2,43.2,515.7,41.9,544.5,44.9
"Males","O - Public administration and defence; compulsory social security",207.3,33.9,218.7,31.1,208.2,30.6,175.7,28.7,152.0,26.2,141.3,25.4,172.9,29.5,203.1,31.6,205.5,31.4,186.2,30.3,168.8,29.3,193.6,30.5,178.8,22.1,156.7,21.3,172.8,23.1,204.3,25.8,204.8,26.2,195.9,25.2,165.2,22.8,167.3,22.8,136.7,21.2,172.7,23.3,170.8,23.2,149.4,21.8,154.6,23.4,165.0,25.3,148.1,25.1,156.4,23.7,162.4,25.1
"Males","P - Education",114.2,23.8,136.3,23.7,131.1,23.5,111.9,20.9,116.5,21.2,149.1,25.4,134.0,24.7,148.1,25.8,128.8,24.8,121.7,24.5,137.2,25.0,163.6,27.6,154.1,20.0,150.2,20.4,135.7,19.5,146.5,20.6,151.2,20.9,166.3,22.2,146.9,20.6,158.3,21.7,145.2,20.2,145.7,19.9,172.5,21.7,156.8,21.5,153.4,22.4,159.3,23.4,175.4,25.9,179.2,24.2,196.6,26.5
"Males","Q - Human health and social work activities",99.8,21.8,94.9,19.2,106.6,20.7,110.4,21.8,100.3,21.6,110.8,21.6,118.5,22.9,103.2,21.2,106.3,21.6,92.9,20.2,90.2,20.0,117.5,23.4,122.3,17.7,130.0,18.7,122.5,18.9,112.1,18.8,125.6,19.8,130.4,19.7,133.7,20.1,148.5,21.5,153.1,21.7,158.6,21.6,141.6,21.2,125.7,20.4,149.5,22.5,143.6,22.6,148.7,23.7,180.1,24.7,185.5,26.2
"Males","R - Arts, entertainment and recreation",59.2,18.0,62.7,16.3,70.2,17.6,79.1,17.9,57.1,14.6,65.3,16.2,57.8,15.9,64.7,16.7,70.2,18.4,56.2,15.6,59.8,16.8,61.4,16.8,58.4,12.8,82.0,15.6,81.3,15.8,61.9,13.4,84.6,16.7,99.7,17.6,87.3,16.6,80.8,15.5,81.7,15.2,82.3,14.9,91.3,15.9,86.1,16.0,106.2,18.3,91.0,17.7,93.6,19.5,100.4,18.2,104.5,19.4
"Males","S-X - Other activites",101.5,23.4,72.4,17.1,60.7,15.6,74.5,16.9,82.6,17.3,73.1,17.3,100.4,20.7,100.7,20.7,80.6,19.0,83.0,19.8,111.4,22.8,95.3,21.1,70.0,13.6,75.5,14.6,89.3,17.5,87.5,17.4,54.7,13.6,45.1,12.7,41.7,11.2,60.4,14.2,76.0,15.2,83.3,15.7,86.9,17.0,95.5,18.5,86.5,17.1,66.5,16.3,74.5,18.5,84.0,17.4,68.7,15.6
"Males","S - Other service activities",79.1,20.8,65.3,16.3,54.1,14.8,48.9,13.6,60.2,14.8,60.0,15.8,72.4,18.0,72.0,17.9,59.3,16.6,59.2,17.2,78.2,19.7,69.5,18.7,54.7,12.0,64.1,13.4,81.0,16.6,75.8,16.2,45.5,12.2,43.5,12.3,38.3,10.7,55.0,13.4,72.2,14.5,73.8,14.6,69.3,15.1,80.4,16.8,75.7,15.6,63.6,15.7,68.2,17.5,70.7,15.9,58.4,14.6
"Males","T - Activities of households as employers; u0ndifferentiated goods- and services-producing activitie",..,0.0,..,0.0,..,0.0,..,0.0,..,0.0,..,0.0,..,0.0,..,0.0,0.1,0.0,..,0.0,..,0.0,..,0.0,..,0.0,..,0.0,..,0.0,..,0.0,..,0.0,..,0.0,0.7,0.0,..,0.0,..,0.0,..,0.0,..,0.0,..,0.0,..,0.0,..,0.0,..,0.0,0.0,0.0,0.0,0.0
"Males","U - Activities of extraterritorial organisations and bodies",22.4,10.5,7.0,5.1,6.6,4.8,25.6,9.7,22.4,8.9,13.1,7.2,28.0,10.2,28.7,10.4,21.2,9.4,23.8,9.9,33.2,11.4,25.7,9.9,15.3,5.4,11.4,5.1,8.2,4.1,11.3,5.3,5.2,4.1,0.8,1.6,2.7,2.6,3.0,2.9,0.6,1.2,3.2,3.0,4.7,4.1,3.6,3.1,1.6,2.2,1.0,1.9,..,0.0,1.2,2.5,1.2,2.3
"Males","X - Non specified activites",..,0.0,..,0.0,..,0.0,..,0.0,..,0.0,..,0.0,..,0.0,..,0.0,..,0.0,..,0.0,..,0.0,..,0.0,..,0.0,..,0.0,..,0.0,0.4,0.8,4.0,4.0,0.8,1.6,..,0.0,2.4,3.0,3.2,3.1,6.2,3.9,13.0,6.3,11.6,6.6,9.2,6.0,1.9,2.7,6.3,5.7,12.1,6.2,9.2,4.9
"Males","Tourism industries",235.3,36.9,206.5,30.8,230.3,32.7,257.2,33.7,251.1,33.5,275.6,36.4,268.0,36.3,275.3,35.7,309.0,39.2,269.0,36.4,247.1,35.3,271.0,37.5,277.0,28.9,315.2,32.1,307.2,31.9,302.2,32.4,302.6,33.4,334.7,34.3,330.5,33.4,330.3,33.4,331.0,33.4,290.5,30.7,346.0,33.7,434.2,40.1,440.3,41.6,466.3,43.2,494.4,47.6,525.4,44.0,465.8,44.9
"Males","Creative industries",156.3,28.8,134.2,24.6,130.1,23.4,154.7,26.7,157.3,26.9,140.6,25.4,136.4,25.4,169.5,28.0,194.0,30.6,260.4,34.8,250.8,34.7,205.0,31.2,187.6,22.4,168.7,22.3,171.6,22.6,196.4,24.8,217.3,26.2,239.8,27.8,213.7,26.5,212.4,25.9,206.5,24.7,173.8,22.9,225.7,26.4,222.6,27.5,276.0,31.4,296.9,33.3,302.3,34.8,288.2,31.9,270.3,32.3
"Females","Total actual working hours",1885.7,88.7,1897.4,80.6,1903.7,80.7,1920.0,79.2,1977.1,79.7,2077.4,83.3,2026.6,83.3,2078.6,85.6,2186.0,89.4,2273.6,93.5,2316.1,95.6,2341.7,97.4,2283.9,73.0,2222.3,71.9,2255.2,72.5,2303.8,74.1,2385.7,77.1,2464.9,80.5,2358.9,77.6,2360.6,77.3,2427.2,77.9,2430.1,79.2,2473.0,82.6,2535.4,83.9,2640.7,86.0,2684.5,89.1,2685.5,95.0,2712.6,86.6,2738.4,91.9
"Females","A - Agriculture, forestry and fishing",122.8,25.9,83.8,17.8,73.9,17.7,83.9,17.8,89.3,17.7,108.6,20.5,90.0,18.3,107.3,20.5,112.8,21.6,108.6,21.9,97.9,22.1,92.4,21.5,92.5,16.8,83.8,15.4,81.4,15.6,84.9,16.8,71.0,15.4,72.9,16.2,76.0,16.2,79.0,17.1,63.2,14.3,65.4,14.8,84.0,17.7,72.5,17.0,68.9,16.8,82.4,18.6,65.5,17.3,43.7,12.1,65.3,17.0
"Females","A:1 - Crop and animal production, hunting and related service activities",109.4,24.6,72.5,16.7,66.9,16.9,67.1,15.6,76.6,16.8,92.7,19.2,76.2,16.8,90.4,18.9,84.6,19.1,83.1,19.6,88.2,21.4,81.2,20.6,83.4,16.2,72.5,14.6,70.8,14.7,76.8,16.0,67.1,15.1,64.9,15.6,66.1,15.4,72.0,16.6,56.6,13.8,55.2,13.8,68.0,16.1,61.9,15.9,58.8,15.9,56.4,16.4,50.1,15.7,33.2,10.7,58.3,16.4
"Females","A:3 - Fishing and aquaculture",13.4,8.0,11.3,6.2,7.1,5.2,16.8,8.5,12.7,5.9,15.9,7.2,13.8,7.0,16.9,7.9,28.2,9.7,25.6,9.5,9.6,5.6,11.2,6.0,9.1,4.1,11.3,4.9,10.6,5.1,8.1,4.9,3.8,2.7,8.0,4.1,9.9,4.9,7.0,3.9,6.6,3.2,10.3,5.5,16.0,7.1,10.6,5.9,10.1,5.4,26.1,8.7,15.4,7.4,10.5,5.6,6.9,4.7
"Females","B-C - Manufacturing and Mining and quarrying",286.8,34.0,252.9,29.2,268.8,30.6,257.7,28.7,254.2,28.7,255.0,28.9,274.1,30.2,248.3,28.6,210.3,27.4,199.0,27.8,213.5,29.1,227.9,31.0,198.1,21.2,200.7,21.4,192.6,21.1,161.3,19.6,165.6,20.6,169.7,21.2,169.9,20.9,168.3,21.2,178.4,21.4,159.5,20.1,179.9,22.4,181.4,22.5,161.2,21.7,175.3,24.0,157.0,23.4,151.5,20.8,144.1,21.3
"Females","B - Mining and quarrying",..,0.0,..,0.0,..,0.0,..,0.0,..,0.0,..,0.0,0.3,0.0,..,0.0,..,0.0,..,0.0,1.1,2.2,4.8,2.5,..,0.0,..,0.0,..,0.0,..,0.0,..,0.0,..,0.0,1.3,0.0,..,0.0,..,0.0,..,0.0,..,0.0,..,0.0,..,0.0,..,0.0,..,0.0,0.0,0.0,0.0,0.0
"Females","C - Manufacturing",286.8,34.0,252.9,29.2,268.8,30.6,257.7,28.7,254.2,28.7,255.0,28.9,273.8,30.2,248.3,28.6,210.3,27.4,199.0,27.8,212.5,29.1,223.1,30.7,198.1,21.2,200.7,21.4,192.6,21.1,161.3,19.6,165.6,20.6,169.7,21.2,168.6,20.9,168.3,21.2,178.4,21.4,159.5,20.1,179.9,22.4,181.4,22.5,161.2,21.7,175.3,24.0,157.0,23.4,151.5,20.8,144.1,21.3
"Females","C:10-12 - Manufacturing food, beverages and tobacco",196.9,28.1,179.8,24.6,198.7,26.8,186.4,24.5,193.5,25.0,182.0,24.3,191.3,25.1,158.4,22.8,140.7,22.7,143.8,23.7,152.4,24.5,153.8,25.3,137.9,17.6,137.5,17.6,118.8,16.6,89.9,14.7,86.6,15.0,84.7,14.9,88.9,15.3,97.4,15.9,107.9,16.5,103.2,15.9,114.1,17.6,115.7,18.2,90.4,16.6,91.3,17.7,82.1,17.2,80.7,14.7,77.3,15.2
"Females","C:10.2 - Processing and preserving of fish, crustaceans and molluscs",128.9,22.8,127.5,20.7,159.7,24.2,140.2,21.0,135.5,21.1,116.9,19.7,121.7,19.8,96.2,17.8,84.9,17.8,93.9,19.5,104.1,20.6,103.9,21.0,80.7,13.6,78.0,13.0,62.0,12.3,41.4,9.9,34.1,9.5,34.9,9.8,43.3,11.0,51.1,11.6,57.8,12.4,59.2,12.2,73.5,13.8,77.3,14.9,51.2,12.7,45.9,12.0,34.7,11.3,34.7,10.1,29.6,9.8
"Females","C:24 - Manufacture of basic metals",11.6,6.8,6.7,4.3,2.8,3.1,1.1,2.1,..,0.0,..,0.0,1.9,2.7,2.5,2.8,6.2,4.5,8.2,5.4,4.7,4.4,9.2,6.0,3.6,2.9,1.2,1.7,4.7,3.1,7.1,4.2,14.4,5.6,19.7,7.4,21.7,7.6,16.4,7.3,14.3,6.4,6.7,4.0,11.5,5.8,13.6,5.9,12.6,6.1,14.4,6.9,17.0,8.1,13.5,6.7,11.0,6.5
"Females","D-E - Electricity and Water supply",3.8,3.2,9.6,5.5,12.3,6.3,14.7,7.4,8.1,5.0,6.7,4.5,9.7,5.6,11.7,6.3,8.7,5.9,10.3,6.7,12.9,7.4,17.2,8.0,9.2,4.7,10.8,4.8,14.8,5.7,15.7,5.8,15.6,5.7,18.3,6.5,21.5,7.6,20.4,7.1,16.5,6.3,11.6,5.5,11.5,5.5,11.3,5.6,13.4,6.3,9.9,5.2,12.6,6.1,14.0,5.7,26.9,9.3
"Females","D - Electricity, gas, steam and air conditioning supply",3.0,2.7,7.5,4.7,11.0,5.6,12.9,7.0,7.1,4.7,6.7,4.5,6.0,4.3,8.9,5.7,5.9,4.6,10.3,6.7,12.9,7.4,15.2,7.6,8.9,4.6,6.6,4.0,11.8,5.2,11.7,4.9,13.7,5.3,14.3,5.8,15.9,6.5,17.1,6.5,14.4,5.7,9.8,5.2,8.8,4.7,8.3,4.8,7.8,4.7,7.7,4.6,11.1,5.8,11.8,5.2,21.9,8.2
"Females","E - Water supply; sewerage, waste management and remediation activities",0.9,1.7,2.1,2.5,1.3,2.6,1.9,2.4,1.0,1.9,..,0.0,3.7,2.5,2.8,2.4,2.8,3.7,..,0.0,..,0.0,2.1,2.2,0.3,0.7,4.2,2.8,3.0,2.5,3.9,2.6,1.9,2.1,3.9,2.8,5.7,4.0,3.3,3.0,2.1,2.3,1.8,1.8,2.8,2.8,3.0,2.9,5.6,4.2,2.2,2.6,1.5,1.5,2.2,2.0,5.0,4.3
"Females","F - Construction",11.6,7.7,10.3,6.4,8.3,5.3,7.2,4.4,11.9,5.6,11.7,6.2,21.7,8.4,20.6,8.3,13.3,6.8,10.2,6.0,12.9,6.5,17.3,7.4,11.4,5.6,17.4,6.8,24.8,7.6,24.9,7.6,15.3,5.7,35.1,9.4,19.3,6.7,13.2,5.6,18.9,6.6,20.6,7.1,15.1,6.1,13.9,6.0,15.4,5.9,14.0,5.7,17.8,7.7,32.1,9.3,31.3,9.4
"Females","G - Wholesale and retail trade; repair of motor vehicles and motorcycles",257.7,31.4,281.4,31.4,276.2,30.7,260.2,29.1,263.1,29.2,245.8,28.4,278.6,31.2,288.9,32.4,287.6,32.3,312.6,34.3,310.9,34.8,294.0,34.2,273.7,24.9,250.6,24.0,281.9,25.6,308.3,27.4,312.3,27.7,292.2,27.3,253.3,25.7,252.8,25.1,283.3,26.1,278.1,25.9,311.6,29.0,284.4,27.8,297.5,28.8,285.3,28.6,275.5,29.9,262.2,27.3,245.5,27.2
"Females","H - Transportation and storage",72.5,16.8,82.2,16.7,71.4,15.7,72.7,15.4,61.4,13.8,78.1,16.1,90.3,17.6,96.0,18.4,114.2,20.2,109.9,19.8,100.4,20.0,92.1,18.9,79.6,13.7,81.2,13.7,79.8,14.0,81.7,14.6,75.0,13.9,92.5,15.8,100.3,16.0,93.9,16.3,97.4,15.7,99.5,16.2,80.8,14.7,106.5,17.3,136.5,19.5,148.8,21.1,131.4,21.1,129.8,19.7,132.3,20.7
"Females","H:51 - Air transport",15.8,8.1,21.7,9.2,15.1,7.2,17.9,7.7,13.1,6.2,23.4,9.0,21.8,9.3,34.3,11.0,51.8,13.5,46.0,12.9,33.4,11.9,22.9,9.9,25.6,8.1,27.9,8.4,24.4,7.9,28.7,8.7,22.2,7.5,20.4,7.2,22.2,7.6,28.5,9.4,37.0,9.5,29.0,8.7,22.2,7.4,26.3,8.9,36.5,10.0,46.6,11.7,47.5,13.2,60.1,12.7,64.2,14.0
"Females","I - Accommodation and food service activities",63.1,15.7,55.8,14.2,64.8,15.3,60.6,14.3,71.8,16.1,68.6,15.8,55.6,13.5,58.1,14.2,104.4,19.3,90.6,18.3,94.4,19.2,84.4,19.0,106.7,16.9,96.9,16.1,94.5,16.3,94.0,16.1,112.7,17.9,101.2,16.8,110.7,16.9,103.4,16.1,153.7,20.0,151.2,19.8,175.1,22.8,165.0,21.5,187.2,23.5,185.9,24.5,163.7,24.9,155.5,21.6,160.5,24.1
"Females","J - Information and communication",67.5,16.8,65.2,15.1,41.4,11.9,30.8,9.9,49.4,12.7,68.0,15.2,45.0,12.7,64.5,15.7,88.7,17.9,85.7,18.2,75.0,17.3,77.3,17.9,77.6,13.6,59.1,11.5,84.8,14.4,88.6,14.6,77.6,14.2,70.3,13.3,57.4,12.3,53.3,12.1,64.0,13.4,69.3,13.6,60.2,12.8,87.8,16.1,100.2,16.7,100.6,17.4,98.5,17.6,91.7,16.3,83.4,16.2
"Females","K - Financial and insurance activities",123.1,22.8,126.4,20.2,119.1,19.5,102.7,17.7,109.6,18.5,90.2,16.9,95.0,18.3,97.5,18.9,108.8,19.4,140.8,23.5,157.9,24.6,146.2,23.7,146.9,18.5,175.2,20.4,154.9,19.1,152.2,19.0,174.5,20.7,184.6,22.2,165.5,20.5,163.7,20.2,163.9,20.1,153.8,20.1,140.4,19.7,146.5,20.8,130.0,19.4,111.6,17.9,105.1,19.0,113.6,17.6,122.2,19.4
"Females","L - Real estate activities",3.8,4.0,0.9,1.3,1.9,2.5,6.8,5.0,6.9,4.0,4.9,3.8,8.7,6.0,11.0,6.4,7.2,4.7,4.1,4.5,4.8,4.7,11.1,6.4,8.0,4.6,8.1,4.5,8.3,4.2,5.5,3.3,10.6,5.2,10.5,4.7,7.0,4.1,4.9,3.8,5.2,3.5,7.7,6.1,14.3,6.0,12.1,5.8,7.7,3.6,9.6,4.4,9.2,5.2,17.9,6.8,23.2,7.9
"Females","M-N - Various specialiced activities",72.6,17.6,77.7,16.3,85.1,16.4,90.2,16.3,82.0,16.2,95.3,18.0,102.2,18.2,110.7,19.3,119.2,21.2,145.2,23.2,149.0,23.1,154.2,24.6,165.3,20.3,173.3,20.0,162.6,19.7,146.0,18.8,145.9,19.4,160.4,20.7,169.4,21.2,201.0,22.8,196.2,22.3,208.9,23.3,198.7,23.8,200.5,23.7,208.7,23.9,238.4,26.9,272.3,30.6,272.3,27.7,261.8,28.7
"Females","M - Professional, scientific and technical activities",51.5,14.5,55.0,13.9,55.6,13.4,55.6,13.1,50.0,12.6,47.4,12.2,54.6,13.8,74.7,16.2,83.0,17.4,89.8,18.2,91.7,18.0,101.2,19.5,111.9,16.6,118.5,16.7,110.4,16.5,95.5,15.1,94.4,15.6,118.0,17.6,121.0,17.8,142.9,19.1,141.9,18.9,141.9,19.1,129.3,19.3,123.8,18.6,139.9,19.6,151.8,21.0,160.3,23.2,177.9,21.4,158.3,21.5
"Females","N - Administrative and support service activities",21.2,9.9,22.7,8.4,29.4,9.5,34.6,9.5,32.0,10.2,47.9,13.2,47.5,11.8,36.0,10.5,36.3,12.0,55.4,14.5,57.2,14.4,53.0,14.9,53.4,11.6,54.8,11.1,52.2,10.9,50.5,11.2,51.4,11.5,42.4,10.9,48.5,11.5,58.2,12.4,54.2,11.8,67.0,13.4,69.4,13.9,76.7,14.5,68.8,13.7,86.6,16.7,112.0,19.8,94.3,17.5,103.5,18.9
"Females","N:79 - Travel agency, tour operator and other reservation service and related activities",8.3,6.2,8.3,5.1,8.8,5.1,10.4,5.6,10.0,5.4,8.4,5.7,11.2,6.3,16.2,6.9,8.6,5.5,10.6,6.5,13.8,6.7,10.6,7.3,23.2,7.7,23.6,7.4,20.2,7.0,20.7,7.9,18.3,7.0,13.0,6.4,11.5,6.0,10.3,5.2,14.0,6.4,24.5,8.0,20.7,7.7,26.5,8.9,24.9,8.8,41.6,11.5,63.5,14.4,46.4,11.7,50.1,12.7
"Females","O-Q - Public admin., Education and Health/Social activities",667.5,51.3,733.3,48.4,751.0,49.1,777.9,49.0,807.9,49.1,861.5,52.0,784.3,50.4,813.5,52.3,861.8,55.1,873.6,57.1,948.3,60.0,958.4,60.8,978.6,46.6,921.7,45.5,930.2,45.3,993.3,47.0,1028.7,49.5,1087.9,52.5,1053.6,50.7,1067.8,50.7,1018.5,49.8,1028.8,51.1,1051.7,52.6,1104.5,54.1,1160.5,55.7,1145.0,56.3,1196.4,61.3,1258.4,57.6,1269.7,61.0
"Females","O - Public administration and defence; compulsory social security",109.8,22.2,117.4,19.8,116.3,19.6,99.2,18.4,114.2,19.5,119.2,20.0,96.3,18.1,99.3,19.1,115.8,21.3,111.8,21.2,107.8,20.6,143.9,24.6,146.2,18.5,148.3,19.1,129.4,17.2,159.9,19.8,168.7,20.5,163.9,20.9,152.9,19.5,145.3,19.4,136.0,19.2,149.5,20.0,166.0,21.4,121.7,18.7,119.2,18.4,148.6,21.0,159.3,22.8,212.0,24.1,217.1,25.4
"Females","P - Education",214.1,28.6,256.1,28.6,262.7,28.5,293.3,29.8,287.7,28.8,321.9,31.8,316.1,32.3,340.7,34.1,352.5,35.2,374.6,37.6,394.1,39.3,403.2,39.6,370.1,28.7,359.1,28.1,400.8,30.1,401.5,30.2,428.6,32.0,477.6,35.1,464.1,34.2,457.5,33.7,422.0,32.0,448.2,33.3,436.1,34.0,494.7,36.2,567.4,39.0,527.2,38.3,568.5,42.1,566.7,38.5,570.0,40.5
"Females","Q - Human health and social work activities",343.5,36.3,359.8,33.6,372.0,34.7,385.3,34.3,406.1,34.6,420.4,35.9,371.8,34.1,373.6,34.7,393.5,36.6,387.2,37.3,446.3,40.3,411.4,39.0,462.3,31.7,414.3,30.2,399.9,29.1,431.8,30.1,431.4,31.7,446.4,33.0,436.5,32.0,465.0,32.6,460.6,32.8,431.1,33.2,449.7,33.8,488.1,35.6,473.9,35.1,469.2,35.4,468.6,38.1,479.7,35.3,482.5,37.8
"Females","R - Arts, entertainment and recreation",35.3,12.6,29.6,10.4,43.6,12.3,61.3,14.5,67.5,15.1,69.0,15.1,68.3,15.7,65.2,14.8,63.1,15.4,75.5,16.5,44.8,12.7,67.1,16.3,53.5,10.8,55.9,11.5,59.7,11.5,68.0,12.7,79.5,13.4,86.1,15.1,69.3,13.1,56.5,11.7,76.2,13.7,87.8,14.9,82.9,15.4,80.3,14.7,76.1,14.8,83.9,15.8,90.9,18.9,92.4,16.4,90.2,16.6
"Females","S-X - Other activites",97.4,20.2,87.7,17.4,83.7,16.8,93.2,18.0,94.0,18.0,114.1,19.7,103.2,18.7,85.3,17.0,86.0,16.7,107.4,19.6,93.4,19.0,102.1,19.6,82.9,13.7,87.5,13.6,85.1,13.5,79.6,13.7,101.6,15.8,83.2,14.9,85.6,14.6,82.5,13.8,91.8,15.1,87.8,14.7,66.6,13.1,68.7,13.6,77.2,14.6,93.9,16.5,89.5,17.9,77.4,14.3,82.1,15.6
"Females","S - Other service activities",85.4,18.7,80.4,16.4,78.7,16.2,84.1,17.0,84.4,16.8,103.0,18.7,97.1,18.1,82.2,16.7,81.8,16.2,99.3,18.8,80.9,17.6,89.5,18.4,77.7,13.1,83.1,13.0,77.9,12.7,76.9,13.3,98.0,15.3,81.8,14.7,82.0,14.2,76.1,13.0,86.5,14.3,83.3,14.1,65.2,12.9,64.7,13.1,71.3,13.9,87.6,15.8,81.1,17.0,72.0,13.7,78.9,15.3
"Females","T - Activities of households as employers; u0ndifferentiated goods- and services-producing activitie",1.0,2.7,0.7,2.0,..,0.0,1.0,1.7,..,0.0,..,0.0,..,0.0,0.0,0.0,..,0.0,..,0.0,1.4,4.0,..,0.0,0.2,0.3,0.1,0.2,0.2,0.0,..,0.0,..,0.0,..,0.0,1.2,1.7,1.2,1.7,..,0.0,..,0.0,..,0.0,..,0.0,..,0.0,..,0.0,..,0.0,0.0,0.0,0.0,0.0
"Females","U - Activities of extraterritorial organisations and bodies",11.1,7.2,6.6,5.6,5.0,4.6,8.1,5.6,9.6,6.2,11.1,6.1,6.1,4.5,3.1,3.2,4.1,3.8,8.1,5.7,11.1,6.5,12.6,6.7,4.9,2.8,4.3,3.3,7.0,3.8,2.7,2.7,3.6,2.7,1.4,1.4,2.4,2.4,..,0.0,0.8,0.1,1.7,1.7,..,0.0,..,0.0,0.9,1.8,2.7,2.7,2.4,2.7,0.7,1.3,0.0,0.0
"Females","X - Non specified activites",..,0.0,..,0.0,..,0.0,..,0.0,..,0.0,..,0.0,..,0.0,..,0.0,..,0.0,..,0.0,..,0.0,..,0.0,..,0.0,..,0.0,..,0.0,..,0.0,..,0.0,..,0.0,..,0.0,5.1,4.0,4.5,4.0,2.7,2.7,1.4,2.0,4.0,3.4,5.0,3.8,3.6,3.2,5.9,4.4,4.7,3.6,3.2,3.1
"Females","Tourism industries",120.8,22.7,110.1,19.9,128.9,21.4,131.6,21.1,138.5,21.8,164.1,24.3,147.7,22.8,165.0,23.8,230.9,29.2,210.1,27.8,181.8,27.0,167.6,26.7,195.7,22.6,187.5,21.9,190.9,22.4,196.3,23.0,213.4,23.9,207.5,24.2,204.7,23.3,187.8,22.3,269.5,26.8,270.0,26.8,283.1,29.0,295.2,29.2,324.8,31.2,353.5,33.4,352.9,36.7,327.4,31.3,330.8,33.7
"Females","Creative industries",73.9,16.8,79.9,16.5,79.3,15.5,64.1,14.0,72.6,15.2,83.7,16.1,72.6,15.6,85.3,17.3,109.0,19.7,117.1,20.6,105.1,19.3,118.0,21.2,136.3,17.7,125.9,16.7,134.0,17.7,118.7,16.5,118.2,16.7,125.2,17.5,122.3,17.6,130.6,18.6,117.6,17.8,140.2,19.3,126.1,18.9,135.9,19.5,148.7,20.3,173.7,22.5,185.5,24.1,172.1,21.2,169.0,21.8
"Capital region","Total actual working hours",2950.2,122.2,3018.9,112.6,2989.1,110.9,3017.8,111.5,3161.3,113.5,3243.0,117.0,3288.1,120.3,3469.0,124.5,3580.6,127.3,3671.5,129.8,3806.1,134.0,3688.1,131.9,3592.5,97.5,3608.9,100.0,3701.2,102.8,3919.5,108.2,4111.6,112.6,4154.3,113.1,3669.0,104.2,3602.3,103.1,3685.7,103.5,3674.3,102.7,3758.8,106.1,3901.0,110.6,4016.0,114.9,4159.9,121.2,4169.9,127.9,4302.4,119.9,4274.1,125.5
"Capital region","A - Agriculture, forestry and fishing",59.0,20.7,93.5,24.2,57.6,18.5,64.8,20.2,72.7,21.1,86.2,22.7,69.0,20.4,73.9,21.7,63.9,20.0,45.1,17.6,86.3,24.0,58.4,19.7,57.3,14.7,57.1,15.4,69.1,17.4,61.4,17.1,56.6,16.4,40.4,14.6,46.4,15.3,54.2,16.6,59.8,15.7,55.2,15.2,55.4,15.8,52.5,15.6,41.5,13.4,29.5,12.2,33.3,13.8,73.8,20.2,48.2,17.5
"Capital region","A:1 - Crop and animal production, hunting and related service activities",21.5,11.8,22.3,10.5,11.2,6.6,11.5,7.2,9.4,6.4,14.1,7.8,10.9,6.7,7.4,5.6,4.7,4.3,7.0,5.1,15.8,9.8,4.9,4.9,17.5,7.2,18.5,7.7,15.7,7.1,11.9,7.0,8.5,5.7,5.3,4.0,6.5,4.0,6.6,4.6,15.1,6.6,16.7,7.3,13.9,6.7,11.8,6.6,5.7,4.1,1.7,1.6,8.5,5.6,11.4,6.5,12.2,7.2
"Capital region","A:3 - Fishing and aquaculture",37.5,16.9,71.2,21.8,46.4,17.3,53.3,18.8,63.2,20.0,72.1,21.2,58.1,19.1,66.4,20.9,59.2,19.5,38.1,16.8,70.5,21.8,53.5,19.0,39.7,12.9,38.6,13.4,53.5,15.9,49.5,15.6,48.1,15.3,35.1,14.0,39.9,14.7,47.5,15.9,44.8,14.3,38.5,13.3,41.5,14.2,40.7,14.1,35.7,12.7,27.8,12.1,24.8,12.6,62.5,19.1,36.0,15.9
"Capital region","B-C - Manufacturing and Mining and quarrying",389.8,45.2,349.5,38.5,368.1,39.0,398.0,41.0,387.1,40.4,410.4,42.8,423.8,43.6,418.3,44.1,430.1,45.5,450.2,46.2,448.7,46.9,425.0,45.5,389.0,32.6,418.6,34.8,413.1,35.2,384.8,35.3,377.2,35.2,398.3,36.1,356.7,33.4,319.4,31.2,352.5,32.8,348.1,32.2,370.9,34.3,343.0,33.0,342.9,34.1,376.3,37.7,346.3,37.9,304.5,32.6,311.4,34.9
"Capital region","B - Mining and quarrying",0.9,1.8,6.9,5.8,2.0,2.9,2.0,2.8,1.6,2.1,1.1,2.2,0.2,0.4,1.7,2.2,5.7,5.3,1.2,2.4,5.5,5.6,7.0,6.2,2.1,2.8,..,0.0,..,0.0,0.3,0.6,2.3,3.0,2.0,2.6,3.5,2.8,5.8,4.2,..,0.0,1.0,2.0,2.6,4.0,..,0.0,2.7,3.8,..,0.0,1.1,2.1,1.7,3.3,2.7,3.8
"Capital region","C - Manufacturing",388.9,45.2,342.6,38.1,366.1,38.9,396.0,40.9,385.5,40.4,409.3,42.7,423.6,43.6,416.6,44.0,424.4,45.2,449.0,46.2,443.1,46.5,418.0,45.1,386.9,32.5,418.6,34.8,413.1,35.2,384.5,35.3,374.9,35.1,396.4,36.0,353.3,33.3,313.6,30.9,352.5,32.8,347.1,32.1,368.3,34.1,343.0,33.0,340.1,33.9,376.3,37.7,345.2,37.8,302.8,32.4,308.8,34.7
"Capital region","C:10-12 - Manufacturing food, beverages and tobacco",128.3,26.2,114.4,22.6,126.1,23.0,131.5,23.6,135.7,23.9,139.4,24.5,123.3,22.9,115.1,23.1,118.9,23.9,113.0,22.5,121.0,23.5,119.7,24.2,114.1,17.5,126.4,19.4,130.4,19.9,106.0,18.2,95.8,17.2,115.4,19.1,90.9,17.3,94.6,16.9,115.2,18.5,126.8,19.1,122.7,20.1,103.7,18.5,91.4,18.4,101.2,20.6,98.0,21.0,87.7,17.6,79.8,17.2
"Capital region","C:10.2 - Processing and preserving of fish, crustaceans and molluscs",60.3,19.3,35.4,13.0,33.5,12.8,36.2,12.4,47.9,15.0,37.0,13.1,38.0,12.9,33.7,13.6,26.2,11.6,20.9,9.6,24.3,10.7,29.2,12.5,19.0,7.3,25.1,9.4,24.7,8.9,19.6,8.2,10.7,5.4,21.0,8.6,25.7,9.8,25.2,9.1,29.6,9.7,20.9,7.8,34.5,11.6,28.6,10.0,27.9,11.1,24.6,10.4,19.8,9.7,24.5,9.9,24.7,10.2
"Capital region","C:24 - Manufacture of basic metals",22.5,9.7,23.5,8.9,26.0,9.5,29.0,10.0,19.5,8.2,18.4,8.0,18.1,8.1,14.6,7.4,25.7,10.3,32.8,11.3,25.3,10.5,19.0,9.0,28.1,8.8,25.8,8.2,28.2,8.5,32.9,9.7,29.0,9.7,37.2,11.1,35.2,10.0,28.1,9.6,30.1,9.7,21.7,7.9,18.7,7.8,26.1,8.9,35.8,10.7,28.1,9.8,28.4,10.8,24.2,9.3,17.7,9.1
"Capital region","D-E - Electricity and Water supply",30.1,12.9,44.2,13.8,49.1,14.6,48.9,14.6,52.7,15.0,49.2,14.7,40.0,13.4,45.4,14.9,38.5,13.3,41.2,13.3,60.8,16.8,47.7,15.3,43.8,10.9,51.0,11.8,47.2,11.9,60.3,14.1,67.1,14.4,68.1,14.3,56.1,13.2,54.5,12.9,49.3,12.9,42.4,11.6,46.0,11.7,55.5,13.1,53.1,13.5,59.7,15.3,63.7,16.4,66.9,15.6,51.2,14.2
"Capital region","D - Electricity, gas, steam and air conditioning supply",27.5,12.4,39.1,13.1,39.1,12.9,37.2,12.7,36.4,12.6,30.4,11.6,20.5,9.6,29.3,12.1,21.1,9.8,26.7,10.7,38.9,13.0,31.2,12.2,30.6,8.8,36.1,9.8,30.9,9.5,35.4,10.3,40.2,11.0,44.8,11.7,39.5,11.0,42.8,11.4,36.9,11.2,27.2,9.2,32.6,9.6,38.6,10.7,34.9,11.0,45.3,13.1,45.5,13.6,43.1,12.1,33.0,11.2
"Capital region","E - Water supply; sewerage, waste management and remediation activities",2.6,3.3,5.1,4.0,10.0,6.6,11.7,7.1,16.3,8.1,18.8,9.1,19.5,9.2,16.1,8.4,17.4,9.0,14.5,7.8,21.9,10.9,16.5,9.3,13.2,6.3,14.9,6.6,16.3,7.2,24.9,9.5,26.9,9.3,23.2,8.2,16.6,7.2,11.6,6.0,12.4,6.4,15.3,6.9,13.4,6.6,16.9,7.6,18.2,7.8,14.4,7.8,18.2,9.0,23.7,9.6,18.2,8.7
"Capital region","F - Construction",236.5,35.5,252.2,34.2,236.2,32.2,240.8,32.4,243.6,32.8,219.2,32.9,286.4,37.8,323.9,40.0,293.8,38.5,291.7,39.2,321.1,40.3,349.2,42.1,255.0,27.5,310.2,31.0,316.3,31.8,371.3,35.1,388.3,36.5,430.6,38.3,241.5,27.6,209.6,25.5,204.9,25.8,210.2,25.4,244.0,28.8,240.8,28.8,256.5,31.1,253.0,32.4,257.9,33.7,287.3,32.8,282.9,34.0
"Capital region","G - Wholesale and retail trade; repair of motor vehicles and motorcycles",535.0,51.1,568.7,48.6,553.3,47.7,482.9,44.3,552.3,47.8,558.8,48.7,567.9,49.2,564.8,49.6,562.2,50.2,601.1,51.3,609.9,53.3,555.2,50.7,530.3,36.9,506.9,37.6,621.3,42.4,659.0,44.4,647.5,44.6,616.4,43.2,544.0,40.2,482.2,37.5,521.2,38.7,528.3,38.1,557.4,40.3,525.0,39.7,536.4,41.5,582.9,45.0,605.6,48.9,560.4,43.2,593.7,47.4
"Capital region","H - Transportation and storage",192.4,32.2,195.7,30.1,214.7,30.7,212.6,30.6,215.4,31.3,217.1,31.2,208.5,31.4,241.6,34.5,274.2,35.8,245.4,34.6,214.2,33.1,206.9,32.4,220.9,25.1,211.9,24.7,226.3,26.5,267.6,29.8,250.0,29.7,241.3,28.2,231.5,26.6,223.2,27.2,242.7,28.0,237.9,27.9,202.0,25.8,244.8,29.7,282.7,32.4,294.8,33.3,296.4,35.8,305.3,32.4,293.3,34.2
"Capital region","H:51 - Air transport",40.8,14.5,32.1,11.4,40.5,13.2,32.9,11.2,25.6,9.1,41.5,12.2,47.6,13.8,63.8,16.0,71.2,16.5,62.9,16.7,41.2,13.6,36.2,12.7,51.6,11.8,49.2,11.4,48.0,11.2,63.5,14.3,64.8,15.1,59.3,13.6,65.4,14.0,65.7,14.5,72.8,14.6,57.7,13.2,58.9,13.5,72.5,16.2,64.5,14.5,95.6,18.4,91.6,19.7,118.7,19.5,98.6,18.5
"Capital region","I - Accommodation and food service activities",100.9,22.8,92.3,20.6,80.5,18.8,93.0,19.0,105.2,20.0,90.5,19.6,94.4,20.2,98.1,19.8,131.5,23.7,131.0,24.1,135.6,24.7,124.1,23.8,146.1,20.1,138.3,20.3,140.6,20.7,146.8,21.3,156.0,22.7,141.8,20.9,160.1,21.9,155.7,20.4,179.5,22.1,166.9,20.9,185.5,23.6,216.1,26.4,220.1,26.9,237.5,29.0,239.0,31.0,203.8,26.4,172.3,26.2
"Capital region","J - Information and communication",162.6,28.1,155.8,25.5,130.1,23.2,127.6,24.2,157.0,25.8,169.0,26.4,147.2,25.9,196.1,30.1,221.8,31.6,270.5,34.7,291.5,36.9,250.1,33.3,219.6,23.6,211.2,24.0,213.7,24.2,215.0,25.1,249.6,27.4,255.7,28.2,246.6,27.7,233.7,26.8,233.3,26.6,231.3,26.3,230.7,26.8,265.0,29.4,307.7,32.2,313.0,33.5,306.2,34.2,280.0,30.8,263.0,31.3
"Capital region","K - Financial and insurance activities",129.8,24.9,143.1,22.8,133.7,22.1,114.9,20.0,133.3,21.7,131.3,21.9,135.9,23.6,133.3,23.9,160.5,25.9,203.7,29.3,207.8,30.3,201.3,29.5,172.2,20.9,212.7,23.7,194.7,22.9,207.3,23.8,271.7,28.1,280.0,28.5,235.3,26.0,243.1,26.4,244.3,26.2,210.3,24.3,202.9,24.4,214.0,25.8,210.5,25.9,199.6,25.9,165.0,24.8,177.8,23.6,228.8,28.5
"Capital region","L - Real estate activities",10.5,8.3,4.8,5.3,8.5,6.4,14.3,7.5,15.8,7.0,20.4,8.8,18.4,9.1,9.6,6.2,8.5,5.5,14.1,7.3,11.6,7.6,30.7,10.5,17.4,6.8,21.0,7.4,26.5,8.5,24.7,8.6,41.2,11.4,39.2,10.6,23.6,8.3,25.2,8.9,21.1,7.7,21.7,8.1,21.4,7.5,26.9,9.2,24.5,9.1,25.2,10.1,23.9,9.4,25.9,8.5,36.5,10.5
"Capital region","M-N - Various specialiced activities",210.8,32.3,185.1,27.1,183.0,26.6,214.1,31.2,212.0,29.5,219.7,30.8,237.3,32.2,278.0,35.1,293.4,36.1,322.8,38.5,345.3,39.6,329.3,39.4,373.5,32.0,351.2,31.4,322.3,30.5,363.2,33.2,401.5,35.4,391.9,34.7,345.6,32.1,392.1,34.7,386.5,33.3,393.0,34.0,419.3,35.6,489.2,39.8,460.2,39.4,516.4,43.4,538.0,46.5,588.4,45.4,545.7,44.9
"Capital region","M - Professional, scientific and technical activities",180.5,30.0,152.5,24.8,144.0,23.8,157.2,27.6,162.6,26.0,160.5,26.5,165.2,26.9,197.8,29.8,227.2,32.0,243.6,33.3,244.1,33.3,233.8,33.3,261.3,26.4,233.2,25.4,226.6,25.8,252.3,27.4,282.9,29.5,281.2,28.8,260.5,27.8,279.1,28.9,280.3,28.0,267.1,27.4,279.6,28.7,322.9,31.8,336.3,33.8,352.8,35.2,367.9,37.6,391.3,36.1,368.1,36.1
"Capital region","N - Administrative and support service activities",30.3,11.8,32.5,10.7,38.9,11.7,56.9,14.5,49.5,13.8,59.1,15.7,72.2,17.8,80.2,18.1,66.2,16.7,79.2,19.2,101.2,21.4,95.5,21.1,112.1,18.1,117.9,18.4,95.7,16.3,110.8,18.6,118.7,19.6,110.7,19.3,85.1,16.0,113.0,19.1,106.2,18.0,125.9,20.0,139.7,20.9,166.4,23.8,123.9,20.1,163.5,25.3,170.1,27.2,197.1,27.6,177.5,26.7
"Capital region","N:79 - Travel agency, tour operator and other reservation service and related activities",12.3,7.2,12.4,6.3,12.6,6.9,14.1,7.3,9.8,5.8,8.9,6.4,12.0,6.9,17.3,7.7,13.7,7.3,10.3,6.5,14.2,7.7,9.4,6.3,22.1,8.1,28.1,9.1,22.9,7.7,27.5,9.6,22.0,8.4,17.5,7.7,17.2,7.8,26.4,9.9,22.1,8.8,29.0,9.1,35.5,10.3,54.7,13.6,47.0,13.0,62.6,15.1,89.2,19.4,80.3,16.3,81.5,17.9
"Capital region","O-Q - Public admin., Education and Health/Social activities",689.9,56.3,759.8,53.1,779.0,54.1,788.7,53.4,791.1,53.1,826.7,55.3,798.8,56.3,863.2,58.3,879.2,59.8,820.2,59.0,852.3,59.6,885.6,61.8,980.0,48.8,903.4,47.4,890.0,46.7,950.5,49.4,976.0,51.2,1043.6,54.0,988.7,51.4,1010.9,52.0,966.2,50.8,992.2,51.7,995.7,52.0,991.0,52.7,1046.0,55.6,1041.1,56.8,1059.0,60.2,1177.0,59.0,1198.1,62.6
"Capital region","O - Public administration and defence; compulsory social security",185.8,31.7,206.9,29.5,203.3,29.4,186.1,28.1,178.7,26.8,161.8,25.6,172.5,28.3,202.9,30.8,213.8,31.7,201.6,31.1,175.2,28.7,195.0,30.0,227.4,24.4,191.4,22.9,187.9,22.6,223.2,25.4,243.7,26.9,239.3,26.8,209.0,24.6,198.5,24.0,176.5,22.9,203.1,24.5,214.0,25.2,168.8,22.7,173.7,23.9,195.8,26.0,201.8,27.5,253.8,28.3,277.3,30.9
"Capital region","P - Education",207.8,30.3,249.3,30.0,241.8,29.7,249.9,28.8,249.4,28.6,280.3,32.4,282.1,33.1,320.0,35.1,314.1,35.6,293.0,35.5,317.2,36.5,345.2,38.7,350.5,29.2,324.2,28.1,334.0,28.5,347.9,29.5,373.3,31.2,408.4,33.7,389.3,32.2,397.7,32.6,368.3,31.0,374.8,31.2,388.2,32.6,407.7,33.7,450.3,36.2,414.9,35.5,429.8,38.4,464.4,36.7,467.2,38.4
"Capital region","Q - Human health and social work activities",296.2,35.2,303.6,32.3,334.0,34.4,352.7,35.0,363.0,35.7,384.6,36.7,344.1,35.6,340.4,34.9,351.3,36.1,325.6,35.5,359.9,37.5,345.3,37.5,402.0,30.5,387.8,30.5,368.0,29.2,379.4,30.3,359.0,30.5,395.8,32.5,390.4,31.6,414.6,32.5,421.5,33.0,414.3,33.1,393.5,31.7,414.5,33.6,421.9,34.6,430.4,35.9,427.4,37.3,458.9,36.3,453.6,38.5
"Capital region","R - Arts, entertainment and recreation",78.5,19.7,66.1,16.7,85.8,18.6,109.4,20.3,101.6,19.2,104.9,19.7,95.6,20.0,96.0,19.4,111.7,22.3,107.1,20.8,79.8,18.1,90.4,19.6,78.8,14.2,101.6,16.5,91.8,15.1,91.2,15.6,118.8,18.4,122.4,18.5,99.4,16.6,90.5,15.7,103.9,16.7,115.2,17.1,121.8,17.9,120.6,18.3,120.3,18.7,126.9,20.3,135.8,23.1,143.3,21.1,139.8,21.9
"Capital region","S-X - Other activites",124.5,24.9,107.6,20.0,109.8,20.4,107.8,20.0,121.6,21.2,139.5,22.6,164.9,25.7,126.9,23.0,111.5,20.7,127.2,22.9,141.2,25.5,134.3,24.3,108.8,16.7,113.9,17.0,128.3,19.6,116.3,18.3,110.0,17.2,84.6,15.7,93.5,15.8,108.1,17.6,120.2,18.2,121.6,18.0,105.7,17.7,116.8,19.1,113.5,19.0,104.2,19.0,99.8,20.1,107.9,18.3,109.3,19.1
"Capital region","S - Other service activities",117.1,24.0,103.5,19.6,108.1,20.1,101.1,19.2,107.6,19.6,125.7,21.5,144.2,24.1,110.6,21.5,102.5,19.8,115.9,21.9,123.3,23.7,116.4,22.6,98.8,15.8,105.8,16.2,122.8,19.0,111.7,17.7,97.7,15.9,81.5,15.4,87.8,15.2,97.5,16.5,111.7,17.2,108.7,16.9,87.2,15.8,98.3,17.3,97.1,17.3,96.3,18.1,90.5,19.3,93.4,16.9,98.0,18.2
"Capital region","T - Activities of households as employers; u0ndifferentiated goods- and services-producing activitie",1.0,2.7,0.7,2.0,..,0.0,1.0,1.7,..,0.0,..,0.0,..,0.0,0.0,0.0,0.1,0.0,..,0.0,..,0.0,..,0.0,0.2,0.3,0.1,0.2,0.2,0.0,..,0.0,..,0.0,..,0.0,0.7,0.0,..,0.0,..,0.0,..,0.0,..,0.0,..,0.0,..,0.0,..,0.0,..,0.0,0.0,0.0,0.0,0.0
"Capital region","U - Activities of extraterritorial organisations and bodies",6.4,6.2,3.4,3.6,1.7,2.4,5.6,5.3,13.9,7.8,13.9,7.1,20.7,9.0,16.3,8.0,8.9,6.3,11.3,6.7,17.9,9.5,17.9,8.7,9.7,4.4,7.9,4.4,5.3,3.8,4.2,3.3,8.4,4.8,2.3,2.1,5.1,3.6,3.0,2.9,1.4,1.2,4.9,3.4,4.7,4.1,3.6,3.1,2.5,2.8,3.7,3.3,2.4,2.7,1.9,2.8,1.2,2.3
"Capital region","X - Non specified activites",..,0.0,..,0.0,..,0.0,..,0.0,..,0.0,..,0.0,..,0.0,..,0.0,..,0.0,..,0.0,..,0.0,..,0.0,..,0.0,..,0.0,..,0.0,0.4,0.8,4.0,4.0,0.8,1.6,..,0.0,7.5,5.0,7.0,4.9,8.0,4.5,13.9,6.6,14.9,7.4,13.9,7.1,4.2,3.8,6.8,4.8,12.6,6.3,10.1,5.3
"Capital region","Tourism industries",252.2,36.4,226.8,31.5,265.8,33.8,287.3,34.3,274.9,33.2,282.4,34.8,265.8,34.5,302.7,35.8,376.8,41.0,326.5,38.2,293.7,36.9,287.4,37.7,329.3,30.3,343.1,31.6,336.5,31.3,353.4,33.4,392.6,36.2,369.9,34.1,348.5,32.6,356.4,33.2,417.6,35.3,388.9,33.8,415.7,35.4,508.7,41.5,513.4,42.5,538.0,44.1,555.3,48.5,542.6,43.1,490.8,43.7
"Capital region","Creative industries",196.6,30.9,171.8,26.6,166.3,25.3,187.2,28.2,193.3,28.6,184.8,27.5,175.7,27.5,221.9,31.2,263.7,34.5,325.4,38.2,317.9,38.0,288.9,36.0,272.1,26.2,248.8,25.8,236.6,25.3,255.4,26.9,292.9,29.3,311.2,30.6,284.8,29.6,285.9,29.2,274.0,28.3,253.4,27.4,286.8,29.5,312.5,31.6,366.1,34.8,398.7,37.3,413.1,39.3,391.1,35.6,364.4,35.8
"Outside Capital region","Total actual working hours",2382.4,114.3,2274.0,101.6,2168.9,98.4,2162.3,97.1,2219.4,99.2,2263.1,101.8,2172.3,100.8,2186.1,101.3,2311.7,105.4,2371.9,107.7,2306.8,107.6,2267.5,105.4,2140.0,79.3,2118.3,80.6,2184.9,84.1,2233.3,87.1,2244.3,88.1,2312.6,89.1,2123.8,83.9,2132.3,84.4,2174.4,85.8,2164.2,84.8,2261.9,88.1,2260.4,89.1,2380.8,93.7,2468.4,98.7,2512.7,104.6,2497.2,95.3,2540.9,103.0
"Outside Capital region","A - Agriculture, forestry and fishing",612.3,62.1,566.9,53.4,498.8,50.4,488.9,49.5,534.5,52.2,507.1,51.7,445.9,49.7,460.4,49.8,540.0,55.0,516.5,54.3,469.6,52.9,413.0,48.4,405.5,37.4,362.5,36.2,378.0,37.8,460.9,45.3,402.7,42.6,376.2,40.8,373.1,40.1,415.0,42.9,432.7,44.6,378.8,40.8,328.3,38.0,328.6,38.5,326.5,39.7,319.6,40.8,288.6,41.4,309.1,38.9,337.6,43.9
"Outside Capital region","A:1 - Crop and animal production, hunting and related service activities",340.0,44.1,306.6,37.4,250.0,34.2,242.0,32.7,260.4,33.7,260.8,34.9,237.8,34.8,269.2,36.3,290.1,39.0,302.0,40.4,285.7,40.1,269.8,39.0,250.3,29.1,196.0,25.7,218.5,28.0,289.7,34.8,258.9,33.4,199.6,28.9,198.6,28.9,215.6,30.6,232.8,31.6,202.8,28.8,196.1,29.2,162.6,26.7,177.0,28.3,169.7,28.8,142.7,27.6,122.0,21.6,167.8,30.5
"Outside Capital region","A:3 - Fishing and aquaculture",272.3,43.5,260.3,38.1,248.7,37.1,247.0,37.1,274.0,39.7,246.3,38.1,208.1,35.5,191.2,34.1,249.9,38.8,214.5,36.1,183.9,34.4,143.2,28.6,155.2,23.4,166.5,25.5,159.6,25.3,171.2,28.8,143.8,26.3,176.7,28.9,174.6,27.9,199.4,30.1,199.9,31.4,176.0,28.8,132.2,24.2,166.0,27.7,149.6,27.7,149.9,28.8,145.9,30.8,187.1,32.3,169.7,31.6
"Outside Capital region","B-C - Manufacturing and Mining and quarrying",473.8,48.7,498.3,47.1,516.0,48.2,525.6,46.7,528.5,47.6,498.3,46.9,542.9,49.4,494.5,47.4,461.1,46.0,464.0,46.7,438.1,45.8,435.1,45.0,416.1,34.4,382.3,33.8,367.8,34.3,332.6,33.0,327.7,33.8,344.0,34.2,332.9,32.8,338.0,33.3,343.0,32.8,394.9,35.6,395.5,36.4,398.2,37.3,375.5,37.5,375.2,39.2,354.7,39.3,363.5,36.9,403.2,42.5
"Outside Capital region","B - Mining and quarrying",0.5,1.0,1.6,2.2,..,0.0,..,0.0,..,0.0,1.8,3.7,1.8,2.9,1.1,2.1,7.0,4.7,8.3,6.3,5.7,4.9,7.1,4.0,6.0,3.3,6.2,3.8,..,0.0,5.4,4.9,5.0,4.3,1.1,2.1,1.7,2.3,2.5,2.8,1.0,2.0,1.8,3.6,1.4,1.8,6.9,5.4,5.7,4.7,..,0.0,0.9,1.7,6.1,4.4,6.3,4.9
"Outside Capital region","C - Manufacturing",473.3,48.7,496.7,47.0,516.0,48.2,525.6,46.7,528.5,47.6,496.5,46.8,541.1,49.3,493.4,47.4,454.1,45.6,455.7,46.3,432.4,45.6,428.0,44.6,410.1,34.3,376.1,33.6,367.8,34.3,327.2,32.7,322.7,33.5,343.0,34.1,331.1,32.7,335.5,33.2,341.9,32.7,393.1,35.4,394.1,36.3,391.3,36.9,369.8,37.2,375.2,39.2,353.8,39.3,357.4,36.6,396.9,42.2
"Outside Capital region","C:10-12 - Manufacturing food, beverages and tobacco",304.5,38.6,341.7,38.5,395.5,42.2,400.7,40.5,378.2,39.7,348.2,38.5,358.5,39.8,323.6,37.9,300.8,36.4,311.6,37.8,301.7,37.7,296.9,36.6,269.3,27.3,244.1,26.4,222.9,26.7,185.9,24.5,169.5,23.9,164.5,23.1,167.2,23.0,174.0,23.8,187.5,24.1,203.3,25.5,222.8,27.3,217.3,27.8,183.6,26.1,178.3,27.3,164.1,27.0,167.2,25.3,200.0,29.6
"Outside Capital region","C:10.2 - Processing and preserving of fish, crustaceans and molluscs",229.0,33.6,266.5,33.9,340.2,39.0,317.7,35.6,309.1,35.6,280.4,34.6,274.8,34.9,232.6,32.4,212.0,30.9,240.7,33.2,233.9,33.0,216.5,31.1,188.1,22.7,166.4,21.4,149.2,21.9,124.0,20.4,101.6,19.2,91.7,17.5,103.1,18.3,102.0,18.3,122.4,19.6,140.2,21.1,153.3,22.3,153.5,23.2,111.4,20.1,114.1,21.7,81.7,19.3,87.2,18.2,113.6,22.1
"Outside Capital region","C:24 - Manufacture of basic metals",9.9,7.4,5.8,5.8,4.7,4.6,3.7,4.4,5.0,4.5,7.5,5.9,9.7,6.0,11.3,6.5,9.9,6.4,9.6,6.3,11.2,7.3,19.1,9.7,7.1,4.4,12.8,5.8,10.5,5.9,13.2,6.4,45.0,11.9,51.8,13.5,50.4,12.9,51.8,12.9,51.1,12.9,59.8,13.3,51.1,12.8,57.5,13.8,56.7,15.1,50.2,13.7,55.8,15.1,40.1,12.4,54.6,16.8
"Outside Capital region","D-E - Electricity and Water supply",46.0,15.8,20.0,9.2,29.4,12.1,44.8,14.7,35.7,13.1,34.1,12.5,26.4,11.3,33.9,12.7,33.9,12.7,42.2,14.9,35.4,13.7,34.5,12.8,36.6,10.2,50.6,12.8,50.7,13.0,32.3,9.8,32.2,10.3,41.2,12.2,34.2,10.4,36.7,10.7,35.8,10.7,31.0,10.4,27.1,9.5,34.6,10.7,42.4,12.1,30.1,10.7,37.7,12.5,41.7,12.1,52.5,14.3
"Outside Capital region","D - Electricity, gas, steam and air conditioning supply",43.3,15.2,18.5,8.7,24.6,11.1,33.0,12.6,22.7,10.5,16.3,8.3,19.0,9.6,30.5,12.0,26.5,10.9,27.2,12.1,24.0,11.6,25.6,11.0,30.9,9.2,38.9,11.4,34.8,10.8,23.2,8.3,18.9,7.6,27.3,9.7,16.7,7.4,20.1,7.9,24.1,8.6,18.5,7.9,15.7,7.2,18.0,7.9,22.9,8.8,20.2,8.4,18.9,8.6,28.3,9.9,39.4,12.3
"Outside Capital region","E - Water supply; sewerage, waste management and remediation activities",2.7,3.8,1.5,2.9,4.8,4.7,11.8,7.5,13.0,7.7,17.8,9.1,7.4,5.8,3.5,3.9,7.4,6.5,15.0,8.6,11.4,7.3,9.0,6.5,5.7,4.3,11.7,5.6,15.9,7.1,9.0,5.0,13.4,6.9,14.0,7.4,17.5,7.2,16.6,7.2,11.8,6.4,12.5,6.8,11.4,6.3,16.6,7.2,19.5,8.3,10.0,6.6,18.8,9.0,13.4,6.8,13.1,7.1
"Outside Capital region","F - Construction",192.5,31.9,164.0,27.1,167.0,26.5,174.0,28.1,173.4,28.3,213.2,31.9,192.4,31.5,184.4,31.1,190.4,30.8,205.3,32.6,201.5,33.0,196.2,32.1,220.6,26.7,207.1,26.4,208.2,27.6,256.4,30.2,284.3,32.2,315.2,33.1,198.3,25.4,181.8,24.5,181.7,24.6,150.3,22.3,174.3,24.3,179.7,25.0,211.0,28.5,237.5,31.8,246.1,33.4,207.8,27.8,232.0,32.1
"Outside Capital region","G - Wholesale and retail trade; repair of motor vehicles and motorcycles",269.1,38.2,271.7,35.5,224.1,30.7,183.5,26.7,200.8,29.0,186.5,28.6,186.6,28.9,218.7,31.7,235.9,32.5,223.2,32.0,235.6,33.4,227.0,33.4,203.0,23.8,204.4,24.1,207.7,25.0,176.8,22.5,235.4,27.1,204.5,25.2,177.7,23.4,180.1,22.6,199.6,24.4,189.7,23.5,220.2,25.7,233.4,27.8,251.2,30.2,255.7,31.2,244.1,32.4,246.3,29.6,191.7,27.5
"Outside Capital region","H - Transportation and storage",126.0,27.0,108.0,22.0,88.4,19.6,91.3,19.9,83.4,19.0,124.3,25.1,126.4,25.0,130.6,25.1,139.1,26.8,105.6,22.1,95.3,21.8,89.9,21.2,101.6,17.9,123.5,20.3,117.9,20.4,91.5,17.8,92.5,18.1,122.0,21.0,124.8,20.9,114.5,19.9,111.6,19.3,111.9,19.4,141.4,22.1,143.3,22.6,149.2,23.8,195.6,28.6,210.3,31.5,196.6,27.6,173.6,27.0
"Outside Capital region","H:51 - Air transport",12.2,8.0,17.1,9.2,7.0,5.2,0.6,1.2,4.3,3.8,17.4,9.4,20.6,9.7,28.0,10.7,31.6,11.9,30.7,11.0,23.4,10.8,12.7,7.5,9.0,5.1,11.1,5.5,10.3,5.3,8.4,5.3,8.9,5.5,10.0,5.6,8.7,4.8,5.0,4.1,6.0,4.7,12.1,6.5,19.6,8.3,17.3,8.0,16.0,8.0,13.5,7.3,23.8,11.2,33.0,10.4,35.9,11.5
"Outside Capital region","I - Accommodation and food service activities",34.7,13.2,28.9,10.3,44.4,13.8,54.5,15.6,54.0,16.6,49.5,15.3,41.5,13.3,31.0,11.7,61.8,16.7,83.9,19.7,66.2,17.9,65.5,17.8,52.3,12.9,55.5,13.6,61.1,14.7,69.2,15.7,52.4,13.3,66.5,15.2,78.8,15.8,77.4,15.7,91.0,17.5,86.4,16.4,121.1,21.1,121.6,20.7,133.7,22.2,134.0,23.4,123.6,23.4,147.5,23.3,164.8,27.0
"Outside Capital region","J - Information and communication",21.4,10.9,20.8,9.5,15.1,8.1,19.5,9.6,32.7,12.6,30.7,11.8,31.4,12.2,24.3,9.7,26.9,10.7,38.0,13.0,27.5,10.8,21.8,9.1,28.6,9.1,25.6,8.8,52.0,13.1,49.1,12.8,20.4,8.0,28.2,9.3,22.7,8.5,21.1,8.6,28.0,9.4,30.8,9.7,35.2,10.6,26.7,9.2,29.6,10.4,41.9,13.2,41.1,13.0,33.6,11.2,33.0,11.1
"Outside Capital region","K - Financial and insurance activities",53.9,15.6,46.5,13.0,45.9,12.8,46.1,13.0,50.2,13.2,39.4,12.1,33.3,11.3,48.0,13.5,60.0,15.2,59.9,16.2,55.8,16.0,37.3,12.1,50.3,10.9,49.9,11.2,47.4,11.2,54.3,11.9,56.1,12.5,55.5,12.4,56.0,12.4,48.2,11.6,44.7,10.9,53.2,12.5,52.7,12.6,33.0,10.0,26.1,8.9,28.0,9.1,34.5,11.8,44.4,11.4,34.5,10.2
"Outside Capital region","L - Real estate activities",3.7,4.0,0.5,1.0,2.0,2.8,..,0.0,..,0.0,1.0,2.0,5.8,5.5,6.7,5.8,3.2,3.5,2.4,3.2,2.6,3.8,3.5,4.0,5.1,4.0,9.9,5.4,9.9,5.8,3.3,2.9,8.7,4.9,7.0,4.3,3.9,3.5,6.0,4.5,8.7,5.4,9.3,6.6,6.6,5.0,1.6,2.2,9.0,5.6,17.4,7.8,22.5,9.2,11.4,5.9,9.1,5.6
"Outside Capital region","M-N - Various specialiced activities",59.7,18.2,46.3,14.2,55.2,15.2,56.1,14.9,62.6,16.6,65.7,17.2,58.5,16.0,55.8,15.4,59.4,16.4,88.9,20.8,98.6,21.8,94.8,22.1,89.0,15.7,106.5,18.5,117.7,19.2,111.8,18.8,105.9,18.9,108.3,19.3,119.6,19.9,100.8,18.0,108.6,18.7,110.2,18.2,118.5,19.8,121.0,20.8,142.5,23.2,157.4,24.1,187.3,27.3,195.5,26.0,196.3,28.9
"Outside Capital region","M - Professional, scientific and technical activities",37.1,14.6,28.1,11.2,35.9,12.1,37.1,12.0,31.6,11.2,26.7,11.0,24.1,10.5,27.1,10.8,31.3,11.6,44.9,14.5,47.7,15.1,52.3,16.1,45.1,10.9,51.0,12.2,58.7,13.2,44.3,11.6,43.2,11.6,61.9,14.2,67.5,15.1,63.4,14.5,56.5,13.1,62.5,13.3,68.3,15.3,55.5,13.8,75.6,16.5,79.0,16.8,80.5,17.5,97.7,17.7,109.1,20.4
"Outside Capital region","N - Administrative and support service activities",22.6,11.0,18.2,8.7,19.4,9.2,19.0,8.9,31.1,12.1,39.0,13.1,34.4,12.0,28.6,10.9,28.1,11.6,44.0,14.7,50.9,15.4,42.5,15.0,44.0,11.2,55.4,13.8,58.9,14.0,67.5,14.8,62.8,14.8,46.4,13.1,52.0,12.9,37.4,10.6,52.1,13.3,47.7,12.4,50.2,12.6,65.5,15.5,66.9,16.2,78.5,17.1,106.8,20.9,97.8,19.0,87.2,20.5
"Outside Capital region","N:79 - Travel agency, tour operator and other reservation service and related activities",..,0.0,..,0.0,..,0.0,..,0.0,4.0,3.3,4.9,3.9,8.8,6.6,4.7,4.3,0.8,1.3,2.5,3.1,11.2,7.1,6.8,7.1,13.0,5.9,8.9,5.0,6.3,4.4,6.8,4.3,9.1,5.2,7.4,5.7,10.9,6.1,3.0,3.0,15.6,7.7,13.8,6.5,6.7,4.7,17.4,8.6,20.1,9.7,30.2,10.6,40.1,12.9,31.3,10.6,15.4,8.4
"Outside Capital region","O-Q - Public admin., Education and Health/Social activities",398.9,42.6,423.5,39.9,417.9,39.5,387.1,38.1,385.6,36.6,436.1,39.7,410.9,39.2,404.8,40.2,423.2,41.3,454.1,43.4,492.2,46.1,547.7,48.6,453.9,33.1,455.1,33.7,471.2,35.2,505.6,36.5,534.2,38.2,536.9,38.6,510.7,37.3,531.1,38.1,487.3,36.5,513.5,38.2,540.9,40.4,545.4,40.3,572.0,41.3,571.8,42.2,609.6,46.2,597.1,41.7,616.1,44.3
"Outside Capital region","O - Public administration and defence; compulsory social security",131.4,26.4,129.3,23.5,121.2,22.8,88.7,20.4,87.4,19.6,98.8,20.5,96.7,20.9,99.5,21.6,107.5,22.0,96.4,21.2,101.5,22.4,142.5,26.4,97.6,16.3,113.5,18.0,114.3,18.5,140.9,21.2,129.7,20.5,120.5,19.7,109.2,18.0,114.0,18.7,96.1,17.7,119.1,19.2,122.7,19.8,102.4,18.2,100.1,18.4,117.8,20.8,105.7,20.5,114.6,19.3,102.3,18.7
"Outside Capital region","P - Education",120.5,22.5,143.1,22.9,152.0,23.1,155.4,23.4,154.8,22.6,190.8,26.0,168.0,24.8,168.9,25.8,167.2,25.6,203.2,28.8,214.1,30.4,221.6,30.6,173.7,20.0,185.1,21.1,202.5,22.6,200.1,22.5,206.5,23.1,235.4,25.4,221.7,24.5,218.1,24.3,199.0,22.8,219.1,23.9,220.4,24.7,243.7,26.2,270.4,27.8,271.6,28.7,314.1,32.3,281.5,28.1,299.4,30.5
"Outside Capital region","Q - Human health and social work activities",147.1,24.6,151.1,22.5,144.6,22.4,143.0,22.0,143.3,21.0,146.6,21.7,146.2,22.0,136.4,22.1,148.5,23.7,154.5,24.5,176.6,26.2,183.6,26.9,182.6,20.7,156.5,19.2,154.4,19.5,164.5,19.3,197.9,22.5,181.0,21.4,179.9,21.6,198.9,22.5,192.2,22.3,175.3,22.7,197.8,25.1,199.3,24.5,201.5,24.2,182.4,22.8,189.8,25.8,200.9,24.1,214.4,26.1
"Outside Capital region","R - Arts, entertainment and recreation",16.0,9.9,26.2,10.3,28.1,11.2,31.1,11.6,23.0,9.1,29.5,10.8,30.5,10.7,33.9,11.4,21.7,9.2,24.5,9.6,24.8,11.4,38.1,13.5,33.2,9.3,36.3,10.6,49.2,12.8,38.7,10.2,45.3,11.5,63.3,14.7,57.2,13.6,46.8,11.7,54.0,12.3,54.8,12.7,52.4,13.4,45.8,12.1,62.0,14.7,47.9,12.7,48.6,14.8,49.4,13.0,54.9,13.5
"Outside Capital region","S-X - Other activites",74.4,18.9,52.5,14.6,34.6,11.1,59.9,15.0,55.1,14.0,47.7,14.0,38.7,11.8,59.1,14.8,55.1,15.2,63.2,16.7,63.5,16.3,63.1,16.7,44.1,10.1,49.1,10.7,46.1,10.6,50.8,12.8,46.3,12.0,43.8,11.8,33.7,9.7,34.8,9.4,47.7,11.7,49.4,12.0,47.8,12.6,47.5,13.0,50.2,12.2,56.2,13.6,64.1,16.3,53.4,13.4,41.5,11.5
"Outside Capital region","S - Other service activities",47.4,15.0,42.2,13.0,24.7,9.2,31.9,10.6,37.0,11.3,37.3,12.5,25.3,9.4,43.6,12.5,38.6,12.8,42.5,13.8,35.7,12.5,42.6,14.0,33.6,8.7,41.3,9.8,36.1,9.5,41.0,11.7,45.9,11.9,43.8,11.7,32.5,9.5,33.6,9.2,47.0,11.5,48.5,11.8,47.3,12.5,46.8,12.9,49.9,12.1,54.9,13.4,58.7,15.4,49.2,12.8,39.2,11.2
"Outside Capital region","T - Activities of households as employers; u0ndifferentiated goods- and services-producing activitie",..,0.0,..,0.0,..,0.0,..,0.0,..,0.0,..,0.0,..,0.0,..,0.0,..,0.0,..,0.0,1.4,4.0,..,0.0,..,0.0,..,0.0,..,0.0,..,0.0,..,0.0,..,0.0,1.2,1.7,1.2,1.7,..,0.0,..,0.0,..,0.0,..,0.0,..,0.0,..,0.0,..,0.0,0.0,0.0,0.0,0.0
"Outside Capital region","U - Activities of extraterritorial organisations and bodies",27.1,11.3,10.3,6.8,9.9,6.4,28.1,10.0,18.1,8.1,10.4,6.2,13.4,6.9,15.5,7.9,16.5,8.2,20.7,9.5,26.4,10.0,20.5,9.0,10.5,4.7,7.8,4.3,10.0,4.4,9.8,5.0,0.5,0.9,..,0.0,..,0.0,..,0.0,..,0.0,..,0.0,..,0.0,..,0.0,..,0.0,..,0.0,..,0.0,0.0,0.0,0.0,0.0
"Outside Capital region","X - Non specified activites",..,0.0,..,0.0,..,0.0,..,0.0,..,0.0,..,0.0,..,0.0,..,0.0,..,0.0,..,0.0,..,0.0,..,0.0,..,0.0,..,0.0,..,0.0,..,0.0,..,0.0,..,0.0,..,0.0,..,0.0,0.7,1.4,0.9,1.8,0.5,1.0,0.7,1.4,0.3,0.6,1.3,1.9,5.4,5.4,4.2,3.5,2.3,2.5
"Outside Capital region","Tourism industries",103.8,24.3,89.7,19.7,93.4,20.6,101.4,21.2,114.7,23.1,157.3,27.8,149.9,26.7,137.6,24.8,163.2,28.2,152.6,26.5,135.2,26.0,151.2,27.6,143.5,21.4,159.6,23.3,161.5,24.0,145.1,22.2,123.4,20.3,172.2,25.3,186.7,25.2,161.7,23.5,183.0,25.2,171.5,23.6,213.5,27.8,220.7,28.4,251.6,31.3,281.8,33.6,292.0,36.8,310.2,34.0,305.8,36.4
"Outside Capital region","Creative industries",33.5,13.4,42.4,13.7,43.1,12.9,31.7,11.6,36.6,12.4,39.5,12.8,33.3,12.2,32.9,11.2,39.3,12.6,52.0,14.8,38.0,12.6,34.1,12.3,51.8,11.9,45.7,11.0,69.0,14.2,59.7,13.5,42.7,11.0,53.8,12.6,51.2,12.3,57.1,13.5,50.1,11.7,60.6,12.7,65.1,14.2,46.0,12.3,58.7,14.4,71.9,15.8,74.7,16.7,69.2,15.1,74.9,16.1